ordinal,_key,_id,node_type,node_family,perspective,table_name,column_name,column_slot,concept_name,concept_type,domain,synonyms,tags,computation_template,binding_key,concept_anchor,logic_type,predicate,unique_id,description,column_type,notnull,default_value,primary_key,foreign_key
1,EMPLOYEE:entity:structural:system:none:none,manufacturing_graph_node/EMPLOYEE:entity:structural:system:none:none,table,structural,system,EMPLOYEE,,entity,,,,,,,,,,none,none,Employee master records,,,,,
2,certification:entity:structural:system:none:none,manufacturing_graph_node/certification:entity:structural:system:none:none,table,structural,system,certification,,entity,,,,,,,,,,none,none,"Supplier certification records (CoC, FAI, PPAP, 8130-3, Material Test Report)",,,,,
3,customer_order:entity:structural:system:none:none,manufacturing_graph_node/customer_order:entity:structural:system:none:none,table,structural,system,customer_order,,entity,,,,,,,,,,none,none,Customer order header — demand-side sales orders with site and status,,,,,
4,customer_order_line:entity:structural:system:none:none,manufacturing_graph_node/customer_order_line:entity:structural:system:none:none,table,structural,system,customer_order_line,,entity,,,,,,,,,,none,none,"Customer order line items — part, quantity, unit price per order",,,,,
5,gl_events:entity:structural:system:none:none,manufacturing_graph_node/gl_events:entity:structural:system:none:none,table,structural,system,gl_events,,entity,,,,,,,,,,none,none,"GL economic-event log — one row per posted costing event (material issue, labor, burden, job completion) with source-document provenance",,,,,
6,gl_finished_goods_inventory:entity:structural:system:none:none,manufacturing_graph_node/gl_finished_goods_inventory:entity:structural:system:none:none,table,structural,system,gl_finished_goods_inventory,,entity,,,,,,,,,,none,none,"Finished-goods inventory ledger lines — signed dollar movements into (+) and out of (-) the FG account, hung off gl_events",,,,,
7,gl_job_cost_detail:entity:structural:system:none:none,manufacturing_graph_node/gl_job_cost_detail:entity:structural:system:none:none,table,structural,system,gl_job_cost_detail,,entity,,,,,,,,,,none,none,Per-job cost-element detail lines (material / labor / burden) tying each posted dollar back to its work order,,,,,
8,gl_raw_materials_inventory:entity:structural:system:none:none,manufacturing_graph_node/gl_raw_materials_inventory:entity:structural:system:none:none,table,structural,system,gl_raw_materials_inventory,,entity,,,,,,,,,,none,none,"Raw-materials inventory ledger lines — signed dollar movements into (+) and out of (-) the RM account, hung off gl_events",,,,,
9,gl_wip_inventory:entity:structural:system:none:none,manufacturing_graph_node/gl_wip_inventory:entity:structural:system:none:none,table,structural,system,gl_wip_inventory,,entity,,,,,,,,,,none,none,"Work-in-process inventory ledger lines — signed dollar movements into (+) and out of (-) the WIP account, hung off gl_events",,,,,
10,inv_trans_dist:entity:structural:system:none:none,manufacturing_graph_node/inv_trans_dist:entity:structural:system:none:none,table,structural,system,inv_trans_dist,,entity,,,,,,,,,,none,none,Inventory transaction distribution — links an IN movement to an OUT movement (lot genealogy),,,,,
11,inventory_transaction:entity:structural:system:none:none,manufacturing_graph_node/inventory_transaction:entity:structural:system:none:none,table,structural,system,inventory_transaction,,entity,,,,,,,,,,none,none,"Inventory movement ledger (CLASS R/A/I x TYPE I/O) — receipts, issues, adjustments",,,,,
12,labor_ticket:entity:structural:system:none:none,manufacturing_graph_node/labor_ticket:entity:structural:system:none:none,table,structural,system,labor_ticket,,entity,,,,,,,,,,none,none,"Labor time postings against work order operations (clock-in/out, hours, cost)",,,,,
13,material_issue:entity:structural:system:none:none,manufacturing_graph_node/material_issue:entity:structural:system:none:none,table,structural,system,material_issue,,entity,,,,,,,,,,none,none,"Raw material issues from stock to WIP work orders (quantity, unit cost, total cost)",,,,,
14,operation:entity:structural:system:none:none,manufacturing_graph_node/operation:entity:structural:system:none:none,table,structural,system,operation,,entity,,,,,,,,,,none,none,"Work order routing steps — sequence, resource, estimated vs actual hours and costs",,,,,
15,part:entity:structural:system:none:none,manufacturing_graph_node/part:entity:structural:system:none:none,table,structural,system,part,,entity,,,,,,,,,,none,none,"Part / item master — description, class, UOM, cost, revision, material spec, CAGE code",,,,,
16,part_location:entity:structural:system:none:none,manufacturing_graph_node/part_location:entity:structural:system:none:none,table,structural,system,part_location,,entity,,,,,,,,,,none,none,On-hand quantity of a part at a warehouse location — physical inventory snapshot for reconciliation,,,,,
17,payable_line:entity:structural:system:none:none,manufacturing_graph_node/payable_line:entity:structural:system:none:none,table,structural,system,payable_line,,entity,,,,,,,,,,none,none,"AP payable line detail extending payables — part, PO, quantity, amount",,,,,
18,payables:entity:structural:system:none:none,manufacturing_graph_node/payables:entity:structural:system:none:none,table,structural,system,payables,,entity,,,,,,,,,,none,none,Accounts-payable headers (acts as the invoice header) linked to purchase orders — three-way match and payment status,,,,,
19,po_line:entity:structural:system:none:none,manufacturing_graph_node/po_line:entity:structural:system:none:none,table,structural,system,po_line,,entity,,,,,,,,,,none,none,"Purchase order line items (part, quantity, unit cost, line total)",,,,,
20,purchase_order:entity:structural:system:none:none,manufacturing_graph_node/purchase_order:entity:structural:system:none:none,table,structural,system,purchase_order,,entity,,,,,,,,,,none,none,Purchase order headers for material and outside-service buys,,,,,
21,receivable:entity:structural:system:none:none,manufacturing_graph_node/receivable:entity:structural:system:none:none,table,structural,system,receivable,,entity,,,,,,,,,,none,none,Accounts-receivable headers (customer invoice header) linked to customer orders — billing and payment status,,,,,
22,receivable_line:entity:structural:system:none:none,manufacturing_graph_node/receivable_line:entity:structural:system:none:none,table,structural,system,receivable_line,,entity,,,,,,,,,,none,none,"AR receivable line detail extending receivable — part, order line, quantity, amount",,,,,
23,receivable_payment:entity:structural:system:none:none,manufacturing_graph_node/receivable_payment:entity:structural:system:none:none,table,structural,system,receivable_payment,,entity,,,,,,,,,,none,none,"AR installment payment records — one row per installment per invoice, linked to the cash-receipt GL event",,,,,
24,receiving:entity:structural:system:none:none,manufacturing_graph_node/receiving:entity:structural:system:none:none,table,structural,system,receiving,,entity,,,,,,,,,,none,none,"Goods receipts against purchase orders — quantity ordered vs received, inspection status",,,,,
25,receiving_line:entity:structural:system:none:none,manufacturing_graph_node/receiving_line:entity:structural:system:none:none,table,structural,system,receiving_line,,entity,,,,,,,,,,none,none,"Line items on a goods receipt — one row per part received, linked to the PO line for line-level three-way match",,,,,
26,requirement:entity:structural:system:none:none,manufacturing_graph_node/requirement:entity:structural:system:none:none,table,structural,system,requirement,,entity,,,,,,,,,,none,none,"Resource requirements (labor / material / burden) per routing operation; component_type PART = as-designed routing standard (engineering, per-unit) vs WORK_ORDER = as-built actuals (manufacturing, batch)",,,,,
27,service:entity:structural:system:none:none,manufacturing_graph_node/service:entity:structural:system:none:none,table,structural,system,service,,entity,,,,,,,,,,none,none,"Outside service definitions (anodize, heat treat, NDT, plating, painting)",,,,,
28,shop_resource:entity:structural:system:none:none,manufacturing_graph_node/shop_resource:entity:structural:system:none:none,table,structural,system,shop_resource,,entity,,,,,,,,,,none,none,"Shop work centers and outside-service buckets (machine, labor, service types)",,,,,
29,site:entity:structural:system:none:none,manufacturing_graph_node/site:entity:structural:system:none:none,table,structural,system,site,,entity,,,,,,,,,,none,none,"Site dimension — physical plant / location anchoring inventory, orders, and work orders",,,,,
30,suppliers:entity:structural:system:none:none,manufacturing_graph_node/suppliers:entity:structural:system:none:none,table,structural,system,suppliers,,entity,,,,,,,,,,none,none,"Supplier master — name, category, certification level, payment terms, lead time",,,,,
31,trace:entity:structural:system:none:none,manufacturing_graph_node/trace:entity:structural:system:none:none,table,structural,system,trace,,entity,,,,,,,,,,none,none,"Traced lot / serial record of a part — production and expiration dates, quantities",,,,,
32,trace_inventory_trace:entity:structural:system:none:none,manufacturing_graph_node/trace_inventory_trace:entity:structural:system:none:none,table,structural,system,trace_inventory_trace,,entity,,,,,,,,,,none,none,Bridge linking a trace lot to an inventory transaction (qty-weighted) for genealogy,,,,,
33,warehouse:entity:structural:system:none:none,manufacturing_graph_node/warehouse:entity:structural:system:none:none,table,structural,system,warehouse,,entity,,,,,,,,,,none,none,Physical stocking location (warehouse) belonging to a site — anchors part on-hand,,,,,
34,work_order:entity:structural:system:none:none,manufacturing_graph_node/work_order:entity:structural:system:none:none,table,structural,system,work_order,,entity,,,,,,,,,,none,none,"Work order master — part, quantity, status, routing template, accumulated actual costs",,,,,
35,EMPLOYEE:employee_id:structural:system:none:none,manufacturing_graph_node/EMPLOYEE:employee_id:structural:system:none:none,column,structural,system,EMPLOYEE,employee_id,,,,,,,,,,,none,none,,TEXT,0,,1,0
36,EMPLOYEE:employee_name:structural:system:none:none,manufacturing_graph_node/EMPLOYEE:employee_name:structural:system:none:none,column,structural,system,EMPLOYEE,employee_name,,,,,,,,,,,none,none,,TEXT,1,,0,0
37,EMPLOYEE:job_title:structural:system:none:none,manufacturing_graph_node/EMPLOYEE:job_title:structural:system:none:none,column,structural,system,EMPLOYEE,job_title,,,,,,,,,,,none,none,,TEXT,1,,0,0
38,EMPLOYEE:department:structural:system:none:none,manufacturing_graph_node/EMPLOYEE:department:structural:system:none:none,column,structural,system,EMPLOYEE,department,,,,,,,,,,,none,none,,TEXT,1,,0,0
39,EMPLOYEE:hourly_rate:structural:system:none:none,manufacturing_graph_node/EMPLOYEE:hourly_rate:structural:system:none:none,column,structural,system,EMPLOYEE,hourly_rate,,,,,,,,,,,none,none,,REAL,1,0.0,0,0
40,EMPLOYEE:buyer_code:structural:system:none:none,manufacturing_graph_node/EMPLOYEE:buyer_code:structural:system:none:none,column,structural,system,EMPLOYEE,buyer_code,,,,,,,,,,,none,none,,TEXT,0,,0,0
41,EMPLOYEE:home_resource_id:structural:system:none:none,manufacturing_graph_node/EMPLOYEE:home_resource_id:structural:system:none:none,column,structural,system,EMPLOYEE,home_resource_id,,,,,,,,,,,none,none,,TEXT,0,,0,0
42,EMPLOYEE:hire_date:structural:system:none:none,manufacturing_graph_node/EMPLOYEE:hire_date:structural:system:none:none,column,structural,system,EMPLOYEE,hire_date,,,,,,,,,,,none,none,,DATE,0,,0,0
43,EMPLOYEE:active:structural:system:none:none,manufacturing_graph_node/EMPLOYEE:active:structural:system:none:none,column,structural,system,EMPLOYEE,active,,,,,,,,,,,none,none,,INTEGER,0,1,0,0
44,EMPLOYEE:created_at:structural:system:none:none,manufacturing_graph_node/EMPLOYEE:created_at:structural:system:none:none,column,structural,system,EMPLOYEE,created_at,,,,,,,,,,,none,none,,DATETIME,0,CURRENT_TIMESTAMP,0,0
45,certification:cert_id:structural:system:none:none,manufacturing_graph_node/certification:cert_id:structural:system:none:none,column,structural,system,certification,cert_id,,,,,,,,,,,none,none,,INTEGER,0,,1,0
46,certification:receipt_id:structural:system:none:none,manufacturing_graph_node/certification:receipt_id:structural:system:none:none,column,structural,system,certification,receipt_id,,,,,,,,,,,none,none,,INTEGER,0,,0,1
47,certification:part_id:structural:system:none:none,manufacturing_graph_node/certification:part_id:structural:system:none:none,column,structural,system,certification,part_id,,,,,,,,,,,none,none,,TEXT,1,,0,1
48,certification:supplier_id:structural:system:none:none,manufacturing_graph_node/certification:supplier_id:structural:system:none:none,column,structural,system,certification,supplier_id,,,,,,,,,,,none,none,,TEXT,1,,0,0
49,certification:cert_type:structural:system:none:none,manufacturing_graph_node/certification:cert_type:structural:system:none:none,column,structural,system,certification,cert_type,,,,,,,,,,,none,none,,TEXT,1,,0,0
50,certification:issued_date:structural:system:none:none,manufacturing_graph_node/certification:issued_date:structural:system:none:none,column,structural,system,certification,issued_date,,,,,,,,,,,none,none,,DATE,1,,0,0
51,certification:expiry_date:structural:system:none:none,manufacturing_graph_node/certification:expiry_date:structural:system:none:none,column,structural,system,certification,expiry_date,,,,,,,,,,,none,none,,DATE,0,,0,0
52,certification:status:structural:system:none:none,manufacturing_graph_node/certification:status:structural:system:none:none,column,structural,system,certification,status,,,,,,,,,,,none,none,,TEXT,0,'Active',0,0
53,certification:created_at:structural:system:none:none,manufacturing_graph_node/certification:created_at:structural:system:none:none,column,structural,system,certification,created_at,,,,,,,,,,,none,none,,DATETIME,0,CURRENT_TIMESTAMP,0,0
54,customer_order:order_id:structural:system:none:none,manufacturing_graph_node/customer_order:order_id:structural:system:none:none,column,structural,system,customer_order,order_id,,,,,,,,,,,none,none,,TEXT,0,,1,0
55,customer_order:customer_name:structural:system:none:none,manufacturing_graph_node/customer_order:customer_name:structural:system:none:none,column,structural,system,customer_order,customer_name,,,,,,,,,,,none,none,,TEXT,1,,0,0
56,customer_order:order_date:structural:system:none:none,manufacturing_graph_node/customer_order:order_date:structural:system:none:none,column,structural,system,customer_order,order_date,,,,,,,,,,,none,none,,DATE,1,,0,0
57,customer_order:site_id:structural:system:none:none,manufacturing_graph_node/customer_order:site_id:structural:system:none:none,column,structural,system,customer_order,site_id,,,,,,,,,,,none,none,,TEXT,0,,0,1
58,customer_order:status:structural:system:none:none,manufacturing_graph_node/customer_order:status:structural:system:none:none,column,structural,system,customer_order,status,,,,,,,,,,,none,none,,TEXT,0,'Open',0,0
59,customer_order:created_at:structural:system:none:none,manufacturing_graph_node/customer_order:created_at:structural:system:none:none,column,structural,system,customer_order,created_at,,,,,,,,,,,none,none,,DATETIME,0,CURRENT_TIMESTAMP,0,0
60,customer_order:completed_date:structural:system:none:none,manufacturing_graph_node/customer_order:completed_date:structural:system:none:none,column,structural,system,customer_order,completed_date,,,,,,,,,,,none,none,,DATE,0,,0,0
61,customer_order_line:order_line_id:structural:system:none:none,manufacturing_graph_node/customer_order_line:order_line_id:structural:system:none:none,column,structural,system,customer_order_line,order_line_id,,,,,,,,,,,none,none,,INTEGER,0,,1,0
62,customer_order_line:order_id:structural:system:none:none,manufacturing_graph_node/customer_order_line:order_id:structural:system:none:none,column,structural,system,customer_order_line,order_id,,,,,,,,,,,none,none,,TEXT,1,,0,1
63,customer_order_line:line_no:structural:system:none:none,manufacturing_graph_node/customer_order_line:line_no:structural:system:none:none,column,structural,system,customer_order_line,line_no,,,,,,,,,,,none,none,,INTEGER,1,,0,0
64,customer_order_line:part_id:structural:system:none:none,manufacturing_graph_node/customer_order_line:part_id:structural:system:none:none,column,structural,system,customer_order_line,part_id,,,,,,,,,,,none,none,,TEXT,1,,0,1
65,customer_order_line:site_id:structural:system:none:none,manufacturing_graph_node/customer_order_line:site_id:structural:system:none:none,column,structural,system,customer_order_line,site_id,,,,,,,,,,,none,none,,TEXT,0,,0,1
66,customer_order_line:order_qty:structural:system:none:none,manufacturing_graph_node/customer_order_line:order_qty:structural:system:none:none,column,structural,system,customer_order_line,order_qty,,,,,,,,,,,none,none,,REAL,1,,0,0
67,customer_order_line:unit_price:structural:system:none:none,manufacturing_graph_node/customer_order_line:unit_price:structural:system:none:none,column,structural,system,customer_order_line,unit_price,,,,,,,,,,,none,none,,REAL,0,0,0,0
68,customer_order_line:need_by_date:structural:system:none:none,manufacturing_graph_node/customer_order_line:need_by_date:structural:system:none:none,column,structural,system,customer_order_line,need_by_date,,,,,,,,,,,none,none,,DATE,0,,0,0
69,customer_order_line:desired_release_date:structural:system:none:none,manufacturing_graph_node/customer_order_line:desired_release_date:structural:system:none:none,column,structural,system,customer_order_line,desired_release_date,,,,,,,,,,,none,none,,DATE,0,,0,0
70,customer_order_line:created_at:structural:system:none:none,manufacturing_graph_node/customer_order_line:created_at:structural:system:none:none,column,structural,system,customer_order_line,created_at,,,,,,,,,,,none,none,,DATETIME,0,CURRENT_TIMESTAMP,0,0
71,customer_order_line:shipped_qty:structural:system:none:none,manufacturing_graph_node/customer_order_line:shipped_qty:structural:system:none:none,column,structural,system,customer_order_line,shipped_qty,,,,,,,,,,,none,none,,REAL,0,0,0,0
72,customer_order_line:shipped_date:structural:system:none:none,manufacturing_graph_node/customer_order_line:shipped_date:structural:system:none:none,column,structural,system,customer_order_line,shipped_date,,,,,,,,,,,none,none,,DATE,0,,0,0
73,gl_events:event_id:structural:system:none:none,manufacturing_graph_node/gl_events:event_id:structural:system:none:none,column,structural,system,gl_events,event_id,,,,,,,,,,,none,none,,INTEGER,0,,1,0
74,gl_events:job_id:structural:system:none:none,manufacturing_graph_node/gl_events:job_id:structural:system:none:none,column,structural,system,gl_events,job_id,,,,,,,,,,,none,none,,TEXT,0,,0,1
75,gl_events:event_type:structural:system:none:none,manufacturing_graph_node/gl_events:event_type:structural:system:none:none,column,structural,system,gl_events,event_type,,,,,,,,,,,none,none,,TEXT,1,,0,0
76,gl_events:amount:structural:system:none:none,manufacturing_graph_node/gl_events:amount:structural:system:none:none,column,structural,system,gl_events,amount,,,,,,,,,,,none,none,,REAL,1,0.0,0,0
77,gl_events:event_date:structural:system:none:none,manufacturing_graph_node/gl_events:event_date:structural:system:none:none,column,structural,system,gl_events,event_date,,,,,,,,,,,none,none,,DATETIME,1,,0,0
78,gl_events:source_table:structural:system:none:none,manufacturing_graph_node/gl_events:source_table:structural:system:none:none,column,structural,system,gl_events,source_table,,,,,,,,,,,none,none,,TEXT,0,,0,0
79,gl_events:source_id:structural:system:none:none,manufacturing_graph_node/gl_events:source_id:structural:system:none:none,column,structural,system,gl_events,source_id,,,,,,,,,,,none,none,,TEXT,0,,0,0
80,gl_finished_goods_inventory:line_id:structural:system:none:none,manufacturing_graph_node/gl_finished_goods_inventory:line_id:structural:system:none:none,column,structural,system,gl_finished_goods_inventory,line_id,,,,,,,,,,,none,none,,INTEGER,0,,1,0
81,gl_finished_goods_inventory:event_id:structural:system:none:none,manufacturing_graph_node/gl_finished_goods_inventory:event_id:structural:system:none:none,column,structural,system,gl_finished_goods_inventory,event_id,,,,,,,,,,,none,none,,INTEGER,0,,0,1
82,gl_finished_goods_inventory:job_id:structural:system:none:none,manufacturing_graph_node/gl_finished_goods_inventory:job_id:structural:system:none:none,column,structural,system,gl_finished_goods_inventory,job_id,,,,,,,,,,,none,none,,TEXT,0,,0,1
83,gl_finished_goods_inventory:part_id:structural:system:none:none,manufacturing_graph_node/gl_finished_goods_inventory:part_id:structural:system:none:none,column,structural,system,gl_finished_goods_inventory,part_id,,,,,,,,,,,none,none,,TEXT,0,,0,1
84,gl_finished_goods_inventory:amount:structural:system:none:none,manufacturing_graph_node/gl_finished_goods_inventory:amount:structural:system:none:none,column,structural,system,gl_finished_goods_inventory,amount,,,,,,,,,,,none,none,,REAL,1,0.0,0,0
85,gl_finished_goods_inventory:event_type:structural:system:none:none,manufacturing_graph_node/gl_finished_goods_inventory:event_type:structural:system:none:none,column,structural,system,gl_finished_goods_inventory,event_type,,,,,,,,,,,none,none,,TEXT,1,,0,0
86,gl_finished_goods_inventory:event_date:structural:system:none:none,manufacturing_graph_node/gl_finished_goods_inventory:event_date:structural:system:none:none,column,structural,system,gl_finished_goods_inventory,event_date,,,,,,,,,,,none,none,,DATETIME,1,,0,0
87,gl_job_cost_detail:line_id:structural:system:none:none,manufacturing_graph_node/gl_job_cost_detail:line_id:structural:system:none:none,column,structural,system,gl_job_cost_detail,line_id,,,,,,,,,,,none,none,,INTEGER,0,,1,0
88,gl_job_cost_detail:event_id:structural:system:none:none,manufacturing_graph_node/gl_job_cost_detail:event_id:structural:system:none:none,column,structural,system,gl_job_cost_detail,event_id,,,,,,,,,,,none,none,,INTEGER,0,,0,1
89,gl_job_cost_detail:job_id:structural:system:none:none,manufacturing_graph_node/gl_job_cost_detail:job_id:structural:system:none:none,column,structural,system,gl_job_cost_detail,job_id,,,,,,,,,,,none,none,,TEXT,1,,0,1
90,gl_job_cost_detail:amount:structural:system:none:none,manufacturing_graph_node/gl_job_cost_detail:amount:structural:system:none:none,column,structural,system,gl_job_cost_detail,amount,,,,,,,,,,,none,none,,REAL,1,0.0,0,0
91,gl_job_cost_detail:event_type:structural:system:none:none,manufacturing_graph_node/gl_job_cost_detail:event_type:structural:system:none:none,column,structural,system,gl_job_cost_detail,event_type,,,,,,,,,,,none,none,,TEXT,1,,0,0
92,gl_job_cost_detail:event_date:structural:system:none:none,manufacturing_graph_node/gl_job_cost_detail:event_date:structural:system:none:none,column,structural,system,gl_job_cost_detail,event_date,,,,,,,,,,,none,none,,DATETIME,1,,0,0
93,gl_raw_materials_inventory:line_id:structural:system:none:none,manufacturing_graph_node/gl_raw_materials_inventory:line_id:structural:system:none:none,column,structural,system,gl_raw_materials_inventory,line_id,,,,,,,,,,,none,none,,INTEGER,0,,1,0
94,gl_raw_materials_inventory:event_id:structural:system:none:none,manufacturing_graph_node/gl_raw_materials_inventory:event_id:structural:system:none:none,column,structural,system,gl_raw_materials_inventory,event_id,,,,,,,,,,,none,none,,INTEGER,0,,0,1
95,gl_raw_materials_inventory:job_id:structural:system:none:none,manufacturing_graph_node/gl_raw_materials_inventory:job_id:structural:system:none:none,column,structural,system,gl_raw_materials_inventory,job_id,,,,,,,,,,,none,none,,TEXT,0,,0,1
96,gl_raw_materials_inventory:part_id:structural:system:none:none,manufacturing_graph_node/gl_raw_materials_inventory:part_id:structural:system:none:none,column,structural,system,gl_raw_materials_inventory,part_id,,,,,,,,,,,none,none,,TEXT,0,,0,1
97,gl_raw_materials_inventory:amount:structural:system:none:none,manufacturing_graph_node/gl_raw_materials_inventory:amount:structural:system:none:none,column,structural,system,gl_raw_materials_inventory,amount,,,,,,,,,,,none,none,,REAL,1,0.0,0,0
98,gl_raw_materials_inventory:event_type:structural:system:none:none,manufacturing_graph_node/gl_raw_materials_inventory:event_type:structural:system:none:none,column,structural,system,gl_raw_materials_inventory,event_type,,,,,,,,,,,none,none,,TEXT,1,,0,0
99,gl_raw_materials_inventory:event_date:structural:system:none:none,manufacturing_graph_node/gl_raw_materials_inventory:event_date:structural:system:none:none,column,structural,system,gl_raw_materials_inventory,event_date,,,,,,,,,,,none,none,,DATETIME,1,,0,0
100,gl_wip_inventory:line_id:structural:system:none:none,manufacturing_graph_node/gl_wip_inventory:line_id:structural:system:none:none,column,structural,system,gl_wip_inventory,line_id,,,,,,,,,,,none,none,,INTEGER,0,,1,0
101,gl_wip_inventory:event_id:structural:system:none:none,manufacturing_graph_node/gl_wip_inventory:event_id:structural:system:none:none,column,structural,system,gl_wip_inventory,event_id,,,,,,,,,,,none,none,,INTEGER,0,,0,1
102,gl_wip_inventory:job_id:structural:system:none:none,manufacturing_graph_node/gl_wip_inventory:job_id:structural:system:none:none,column,structural,system,gl_wip_inventory,job_id,,,,,,,,,,,none,none,,TEXT,0,,0,1
103,gl_wip_inventory:part_id:structural:system:none:none,manufacturing_graph_node/gl_wip_inventory:part_id:structural:system:none:none,column,structural,system,gl_wip_inventory,part_id,,,,,,,,,,,none,none,,TEXT,0,,0,1
104,gl_wip_inventory:amount:structural:system:none:none,manufacturing_graph_node/gl_wip_inventory:amount:structural:system:none:none,column,structural,system,gl_wip_inventory,amount,,,,,,,,,,,none,none,,REAL,1,0.0,0,0
105,gl_wip_inventory:event_type:structural:system:none:none,manufacturing_graph_node/gl_wip_inventory:event_type:structural:system:none:none,column,structural,system,gl_wip_inventory,event_type,,,,,,,,,,,none,none,,TEXT,1,,0,0
106,gl_wip_inventory:event_date:structural:system:none:none,manufacturing_graph_node/gl_wip_inventory:event_date:structural:system:none:none,column,structural,system,gl_wip_inventory,event_date,,,,,,,,,,,none,none,,DATETIME,1,,0,0
107,inv_trans_dist:dist_id:structural:system:none:none,manufacturing_graph_node/inv_trans_dist:dist_id:structural:system:none:none,column,structural,system,inv_trans_dist,dist_id,,,,,,,,,,,none,none,,INTEGER,0,,1,0
108,inv_trans_dist:in_trans_id:structural:system:none:none,manufacturing_graph_node/inv_trans_dist:in_trans_id:structural:system:none:none,column,structural,system,inv_trans_dist,in_trans_id,,,,,,,,,,,none,none,,INTEGER,1,,0,1
109,inv_trans_dist:out_trans_id:structural:system:none:none,manufacturing_graph_node/inv_trans_dist:out_trans_id:structural:system:none:none,column,structural,system,inv_trans_dist,out_trans_id,,,,,,,,,,,none,none,,INTEGER,1,,0,1
110,inv_trans_dist:dist_qty:structural:system:none:none,manufacturing_graph_node/inv_trans_dist:dist_qty:structural:system:none:none,column,structural,system,inv_trans_dist,dist_qty,,,,,,,,,,,none,none,,REAL,1,,0,0
111,inv_trans_dist:created_at:structural:system:none:none,manufacturing_graph_node/inv_trans_dist:created_at:structural:system:none:none,column,structural,system,inv_trans_dist,created_at,,,,,,,,,,,none,none,,DATETIME,0,CURRENT_TIMESTAMP,0,0
112,inventory_transaction:transaction_id:structural:system:none:none,manufacturing_graph_node/inventory_transaction:transaction_id:structural:system:none:none,column,structural,system,inventory_transaction,transaction_id,,,,,,,,,,,none,none,,INTEGER,0,,1,0
113,inventory_transaction:class:structural:system:none:none,manufacturing_graph_node/inventory_transaction:class:structural:system:none:none,column,structural,system,inventory_transaction,class,,,,,,,,,,,none,none,,TEXT,1,,0,0
114,inventory_transaction:type:structural:system:none:none,manufacturing_graph_node/inventory_transaction:type:structural:system:none:none,column,structural,system,inventory_transaction,type,,,,,,,,,,,none,none,,TEXT,1,,0,0
115,inventory_transaction:part_id:structural:system:none:none,manufacturing_graph_node/inventory_transaction:part_id:structural:system:none:none,column,structural,system,inventory_transaction,part_id,,,,,,,,,,,none,none,,TEXT,1,,0,1
116,inventory_transaction:wo_id:structural:system:none:none,manufacturing_graph_node/inventory_transaction:wo_id:structural:system:none:none,column,structural,system,inventory_transaction,wo_id,,,,,,,,,,,none,none,,TEXT,0,,0,1
117,inventory_transaction:po_id:structural:system:none:none,manufacturing_graph_node/inventory_transaction:po_id:structural:system:none:none,column,structural,system,inventory_transaction,po_id,,,,,,,,,,,none,none,,TEXT,0,,0,1
118,inventory_transaction:site_id:structural:system:none:none,manufacturing_graph_node/inventory_transaction:site_id:structural:system:none:none,column,structural,system,inventory_transaction,site_id,,,,,,,,,,,none,none,,TEXT,0,,0,1
119,inventory_transaction:quantity:structural:system:none:none,manufacturing_graph_node/inventory_transaction:quantity:structural:system:none:none,column,structural,system,inventory_transaction,quantity,,,,,,,,,,,none,none,,REAL,1,,0,0
120,inventory_transaction:trans_date:structural:system:none:none,manufacturing_graph_node/inventory_transaction:trans_date:structural:system:none:none,column,structural,system,inventory_transaction,trans_date,,,,,,,,,,,none,none,,DATE,1,,0,0
121,inventory_transaction:created_at:structural:system:none:none,manufacturing_graph_node/inventory_transaction:created_at:structural:system:none:none,column,structural,system,inventory_transaction,created_at,,,,,,,,,,,none,none,,DATETIME,0,CURRENT_TIMESTAMP,0,0
122,labor_ticket:ticket_id:structural:system:none:none,manufacturing_graph_node/labor_ticket:ticket_id:structural:system:none:none,column,structural,system,labor_ticket,ticket_id,,,,,,,,,,,none,none,,INTEGER,0,,1,0
123,labor_ticket:wo_id:structural:system:none:none,manufacturing_graph_node/labor_ticket:wo_id:structural:system:none:none,column,structural,system,labor_ticket,wo_id,,,,,,,,,,,none,none,,TEXT,1,,0,1
124,labor_ticket:sequence_no:structural:system:none:none,manufacturing_graph_node/labor_ticket:sequence_no:structural:system:none:none,column,structural,system,labor_ticket,sequence_no,,,,,,,,,,,none,none,,INTEGER,1,,0,0
125,labor_ticket:employee_id:structural:system:none:none,manufacturing_graph_node/labor_ticket:employee_id:structural:system:none:none,column,structural,system,labor_ticket,employee_id,,,,,,,,,,,none,none,,TEXT,1,,0,0
126,labor_ticket:resource_id:structural:system:none:none,manufacturing_graph_node/labor_ticket:resource_id:structural:system:none:none,column,structural,system,labor_ticket,resource_id,,,,,,,,,,,none,none,,TEXT,1,,0,0
127,labor_ticket:clock_in:structural:system:none:none,manufacturing_graph_node/labor_ticket:clock_in:structural:system:none:none,column,structural,system,labor_ticket,clock_in,,,,,,,,,,,none,none,,DATETIME,1,,0,0
128,labor_ticket:clock_out:structural:system:none:none,manufacturing_graph_node/labor_ticket:clock_out:structural:system:none:none,column,structural,system,labor_ticket,clock_out,,,,,,,,,,,none,none,,DATETIME,1,,0,0
129,labor_ticket:total_hours:structural:system:none:none,manufacturing_graph_node/labor_ticket:total_hours:structural:system:none:none,column,structural,system,labor_ticket,total_hours,,,,,,,,,,,none,none,,REAL,1,,0,0
130,labor_ticket:labor_cost:structural:system:none:none,manufacturing_graph_node/labor_ticket:labor_cost:structural:system:none:none,column,structural,system,labor_ticket,labor_cost,,,,,,,,,,,none,none,,REAL,1,,0,0
131,labor_ticket:burden_cost:structural:system:none:none,manufacturing_graph_node/labor_ticket:burden_cost:structural:system:none:none,column,structural,system,labor_ticket,burden_cost,,,,,,,,,,,none,none,,REAL,1,,0,0
132,labor_ticket:created_at:structural:system:none:none,manufacturing_graph_node/labor_ticket:created_at:structural:system:none:none,column,structural,system,labor_ticket,created_at,,,,,,,,,,,none,none,,DATETIME,0,CURRENT_TIMESTAMP,0,0
133,material_issue:issue_id:structural:system:none:none,manufacturing_graph_node/material_issue:issue_id:structural:system:none:none,column,structural,system,material_issue,issue_id,,,,,,,,,,,none,none,,INTEGER,0,,1,0
134,material_issue:wo_id:structural:system:none:none,manufacturing_graph_node/material_issue:wo_id:structural:system:none:none,column,structural,system,material_issue,wo_id,,,,,,,,,,,none,none,,TEXT,1,,0,1
135,material_issue:part_id:structural:system:none:none,manufacturing_graph_node/material_issue:part_id:structural:system:none:none,column,structural,system,material_issue,part_id,,,,,,,,,,,none,none,,TEXT,1,,0,1
136,material_issue:part_description:structural:system:none:none,manufacturing_graph_node/material_issue:part_description:structural:system:none:none,column,structural,system,material_issue,part_description,,,,,,,,,,,none,none,,TEXT,1,,0,0
137,material_issue:quantity:structural:system:none:none,manufacturing_graph_node/material_issue:quantity:structural:system:none:none,column,structural,system,material_issue,quantity,,,,,,,,,,,none,none,,REAL,1,,0,0
138,material_issue:unit_cost:structural:system:none:none,manufacturing_graph_node/material_issue:unit_cost:structural:system:none:none,column,structural,system,material_issue,unit_cost,,,,,,,,,,,none,none,,REAL,1,,0,0
139,material_issue:total_cost:structural:system:none:none,manufacturing_graph_node/material_issue:total_cost:structural:system:none:none,column,structural,system,material_issue,total_cost,,,,,,,,,,,none,none,,REAL,1,,0,0
140,material_issue:issue_date:structural:system:none:none,manufacturing_graph_node/material_issue:issue_date:structural:system:none:none,column,structural,system,material_issue,issue_date,,,,,,,,,,,none,none,,DATE,1,,0,0
141,material_issue:issued_by:structural:system:none:none,manufacturing_graph_node/material_issue:issued_by:structural:system:none:none,column,structural,system,material_issue,issued_by,,,,,,,,,,,none,none,,TEXT,1,,0,0
142,material_issue:created_at:structural:system:none:none,manufacturing_graph_node/material_issue:created_at:structural:system:none:none,column,structural,system,material_issue,created_at,,,,,,,,,,,none,none,,DATETIME,0,CURRENT_TIMESTAMP,0,0
143,operation:rowid_pk:structural:system:none:none,manufacturing_graph_node/operation:rowid_pk:structural:system:none:none,column,structural,system,operation,rowid_pk,,,,,,,,,,,none,none,,INTEGER,0,,1,0
144,operation:wo_id:structural:system:none:none,manufacturing_graph_node/operation:wo_id:structural:system:none:none,column,structural,system,operation,wo_id,,,,,,,,,,,none,none,,TEXT,1,,0,1
145,operation:workorder_type:structural:system:none:none,manufacturing_graph_node/operation:workorder_type:structural:system:none:none,column,structural,system,operation,workorder_type,,,,,,,,,,,none,none,,TEXT,1,,0,0
146,operation:sequence_no:structural:system:none:none,manufacturing_graph_node/operation:sequence_no:structural:system:none:none,column,structural,system,operation,sequence_no,,,,,,,,,,,none,none,,INTEGER,1,,0,0
147,operation:resource_id:structural:system:none:none,manufacturing_graph_node/operation:resource_id:structural:system:none:none,column,structural,system,operation,resource_id,,,,,,,,,,,none,none,,TEXT,1,,0,1
148,operation:service_id:structural:system:none:none,manufacturing_graph_node/operation:service_id:structural:system:none:none,column,structural,system,operation,service_id,,,,,,,,,,,none,none,,TEXT,0,,0,1
149,operation:vendor_id:structural:system:none:none,manufacturing_graph_node/operation:vendor_id:structural:system:none:none,column,structural,system,operation,vendor_id,,,,,,,,,,,none,none,,TEXT,0,,0,1
150,operation:run_type:structural:system:none:none,manufacturing_graph_node/operation:run_type:structural:system:none:none,column,structural,system,operation,run_type,,,,,,,,,,,none,none,,TEXT,0,'HR',0,0
151,operation:setup_hrs:structural:system:none:none,manufacturing_graph_node/operation:setup_hrs:structural:system:none:none,column,structural,system,operation,setup_hrs,,,,,,,,,,,none,none,,REAL,0,0.0,0,0
152,operation:run_hrs:structural:system:none:none,manufacturing_graph_node/operation:run_hrs:structural:system:none:none,column,structural,system,operation,run_hrs,,,,,,,,,,,none,none,,REAL,0,0.0,0,0
153,operation:act_setup_hrs:structural:system:none:none,manufacturing_graph_node/operation:act_setup_hrs:structural:system:none:none,column,structural,system,operation,act_setup_hrs,,,,,,,,,,,none,none,,REAL,0,0.0,0,0
154,operation:act_run_hrs:structural:system:none:none,manufacturing_graph_node/operation:act_run_hrs:structural:system:none:none,column,structural,system,operation,act_run_hrs,,,,,,,,,,,none,none,,REAL,0,0.0,0,0
155,operation:est_atl_lab_cost:structural:system:none:none,manufacturing_graph_node/operation:est_atl_lab_cost:structural:system:none:none,column,structural,system,operation,est_atl_lab_cost,,,,,,,,,,,none,none,,REAL,0,0.0,0,0
156,operation:est_atl_bur_cost:structural:system:none:none,manufacturing_graph_node/operation:est_atl_bur_cost:structural:system:none:none,column,structural,system,operation,est_atl_bur_cost,,,,,,,,,,,none,none,,REAL,0,0.0,0,0
157,operation:est_atl_ser_cost:structural:system:none:none,manufacturing_graph_node/operation:est_atl_ser_cost:structural:system:none:none,column,structural,system,operation,est_atl_ser_cost,,,,,,,,,,,none,none,,REAL,0,0.0,0,0
158,operation:act_atl_lab_cost:structural:system:none:none,manufacturing_graph_node/operation:act_atl_lab_cost:structural:system:none:none,column,structural,system,operation,act_atl_lab_cost,,,,,,,,,,,none,none,,REAL,0,0.0,0,0
159,operation:act_atl_bur_cost:structural:system:none:none,manufacturing_graph_node/operation:act_atl_bur_cost:structural:system:none:none,column,structural,system,operation,act_atl_bur_cost,,,,,,,,,,,none,none,,REAL,0,0.0,0,0
160,operation:act_atl_ser_cost:structural:system:none:none,manufacturing_graph_node/operation:act_atl_ser_cost:structural:system:none:none,column,structural,system,operation,act_atl_ser_cost,,,,,,,,,,,none,none,,REAL,0,0.0,0,0
161,operation:status:structural:system:none:none,manufacturing_graph_node/operation:status:structural:system:none:none,column,structural,system,operation,status,,,,,,,,,,,none,none,,TEXT,0,'Q',0,0
162,operation:sched_start_date:structural:system:none:none,manufacturing_graph_node/operation:sched_start_date:structural:system:none:none,column,structural,system,operation,sched_start_date,,,,,,,,,,,none,none,,DATETIME,0,,0,0
163,operation:sched_finish_date:structural:system:none:none,manufacturing_graph_node/operation:sched_finish_date:structural:system:none:none,column,structural,system,operation,sched_finish_date,,,,,,,,,,,none,none,,DATETIME,0,,0,0
164,operation:service_begin_date:structural:system:none:none,manufacturing_graph_node/operation:service_begin_date:structural:system:none:none,column,structural,system,operation,service_begin_date,,,,,,,,,,,none,none,,DATETIME,0,,0,0
165,operation:close_date:structural:system:none:none,manufacturing_graph_node/operation:close_date:structural:system:none:none,column,structural,system,operation,close_date,,,,,,,,,,,none,none,,DATETIME,0,,0,0
166,operation:last_disp_date:structural:system:none:none,manufacturing_graph_node/operation:last_disp_date:structural:system:none:none,column,structural,system,operation,last_disp_date,,,,,,,,,,,none,none,,DATETIME,0,,0,0
167,operation:last_recv_date:structural:system:none:none,manufacturing_graph_node/operation:last_recv_date:structural:system:none:none,column,structural,system,operation,last_recv_date,,,,,,,,,,,none,none,,DATETIME,0,,0,0
168,operation:operation_type_id:structural:system:none:none,manufacturing_graph_node/operation:operation_type_id:structural:system:none:none,column,structural,system,operation,operation_type_id,,,,,,,,,,,none,none,,TEXT,0,,0,0
169,part:part_id:structural:system:none:none,manufacturing_graph_node/part:part_id:structural:system:none:none,column,structural,system,part,part_id,,,,,,,,,,,none,none,,TEXT,0,,1,0
170,part:part_description:structural:system:none:none,manufacturing_graph_node/part:part_description:structural:system:none:none,column,structural,system,part,part_description,,,,,,,,,,,none,none,,TEXT,1,,0,0
171,part:part_class:structural:system:none:none,manufacturing_graph_node/part:part_class:structural:system:none:none,column,structural,system,part,part_class,,,,,,,,,,,none,none,,TEXT,1,,0,0
172,part:unit_of_measure:structural:system:none:none,manufacturing_graph_node/part:unit_of_measure:structural:system:none:none,column,structural,system,part,unit_of_measure,,,,,,,,,,,none,none,,TEXT,1,'EA',0,0
173,part:unit_cost:structural:system:none:none,manufacturing_graph_node/part:unit_cost:structural:system:none:none,column,structural,system,part,unit_cost,,,,,,,,,,,none,none,,REAL,0,0.0,0,0
174,part:lead_time_days:structural:system:none:none,manufacturing_graph_node/part:lead_time_days:structural:system:none:none,column,structural,system,part,lead_time_days,,,,,,,,,,,none,none,,INTEGER,0,0,0,0
175,part:reorder_point:structural:system:none:none,manufacturing_graph_node/part:reorder_point:structural:system:none:none,column,structural,system,part,reorder_point,,,,,,,,,,,none,none,,REAL,0,0.0,0,0
176,part:on_hand_qty:structural:system:none:none,manufacturing_graph_node/part:on_hand_qty:structural:system:none:none,column,structural,system,part,on_hand_qty,,,,,,,,,,,none,none,,REAL,0,0.0,0,0
177,part:revision:structural:system:none:none,manufacturing_graph_node/part:revision:structural:system:none:none,column,structural,system,part,revision,,,,,,,,,,,none,none,,TEXT,0,'A',0,0
178,part:cage_code:structural:system:none:none,manufacturing_graph_node/part:cage_code:structural:system:none:none,column,structural,system,part,cage_code,,,,,,,,,,,none,none,,TEXT,0,,0,0
179,part:drawing_number:structural:system:none:none,manufacturing_graph_node/part:drawing_number:structural:system:none:none,column,structural,system,part,drawing_number,,,,,,,,,,,none,none,,TEXT,0,,0,0
180,part:material_spec:structural:system:none:none,manufacturing_graph_node/part:material_spec:structural:system:none:none,column,structural,system,part,material_spec,,,,,,,,,,,none,none,,TEXT,0,,0,0
181,part:planner_code:structural:system:none:none,manufacturing_graph_node/part:planner_code:structural:system:none:none,column,structural,system,part,planner_code,,,,,,,,,,,none,none,,TEXT,0,'ENGINEERING',0,0
182,part:buyer_code:structural:system:none:none,manufacturing_graph_node/part:buyer_code:structural:system:none:none,column,structural,system,part,buyer_code,,,,,,,,,,,none,none,,TEXT,0,,0,0
183,part:active:structural:system:none:none,manufacturing_graph_node/part:active:structural:system:none:none,column,structural,system,part,active,,,,,,,,,,,none,none,,INTEGER,0,1,0,0
184,part:created_at:structural:system:none:none,manufacturing_graph_node/part:created_at:structural:system:none:none,column,structural,system,part,created_at,,,,,,,,,,,none,none,,DATETIME,0,CURRENT_TIMESTAMP,0,0
185,part:commodity_code:structural:system:none:none,manufacturing_graph_node/part:commodity_code:structural:system:none:none,column,structural,system,part,commodity_code,,,,,,,,,,,none,none,,TEXT,0,,0,0
186,part:safety_stock:structural:system:none:none,manufacturing_graph_node/part:safety_stock:structural:system:none:none,column,structural,system,part,safety_stock,,,,,,,,,,,none,none,,REAL,0,1,0,0
187,part_location:part_location_id:structural:system:none:none,manufacturing_graph_node/part_location:part_location_id:structural:system:none:none,column,structural,system,part_location,part_location_id,,,,,,,,,,,none,none,,INTEGER,0,,1,0
188,part_location:part_id:structural:system:none:none,manufacturing_graph_node/part_location:part_id:structural:system:none:none,column,structural,system,part_location,part_id,,,,,,,,,,,none,none,,TEXT,1,,0,1
189,part_location:warehouse_id:structural:system:none:none,manufacturing_graph_node/part_location:warehouse_id:structural:system:none:none,column,structural,system,part_location,warehouse_id,,,,,,,,,,,none,none,,TEXT,1,,0,1
190,part_location:location_id:structural:system:none:none,manufacturing_graph_node/part_location:location_id:structural:system:none:none,column,structural,system,part_location,location_id,,,,,,,,,,,none,none,,TEXT,1,'STORES',0,0
191,part_location:description:structural:system:none:none,manufacturing_graph_node/part_location:description:structural:system:none:none,column,structural,system,part_location,description,,,,,,,,,,,none,none,,TEXT,0,,0,0
192,part_location:qty:structural:system:none:none,manufacturing_graph_node/part_location:qty:structural:system:none:none,column,structural,system,part_location,qty,,,,,,,,,,,none,none,,REAL,1,0,0,0
193,part_location:committed_qty:structural:system:none:none,manufacturing_graph_node/part_location:committed_qty:structural:system:none:none,column,structural,system,part_location,committed_qty,,,,,,,,,,,none,none,,REAL,1,0,0,0
194,part_location:status:structural:system:none:none,manufacturing_graph_node/part_location:status:structural:system:none:none,column,structural,system,part_location,status,,,,,,,,,,,none,none,,TEXT,1,'A',0,0
195,part_location:last_count_date:structural:system:none:none,manufacturing_graph_node/part_location:last_count_date:structural:system:none:none,column,structural,system,part_location,last_count_date,,,,,,,,,,,none,none,,DATE,0,,0,0
196,part_location:created_at:structural:system:none:none,manufacturing_graph_node/part_location:created_at:structural:system:none:none,column,structural,system,part_location,created_at,,,,,,,,,,,none,none,,DATETIME,0,CURRENT_TIMESTAMP,0,0
197,payable_line:payable_line_id:structural:system:none:none,manufacturing_graph_node/payable_line:payable_line_id:structural:system:none:none,column,structural,system,payable_line,payable_line_id,,,,,,,,,,,none,none,,INTEGER,0,,1,0
198,payable_line:invoice_id:structural:system:none:none,manufacturing_graph_node/payable_line:invoice_id:structural:system:none:none,column,structural,system,payable_line,invoice_id,,,,,,,,,,,none,none,,INTEGER,1,,0,1
199,payable_line:line_no:structural:system:none:none,manufacturing_graph_node/payable_line:line_no:structural:system:none:none,column,structural,system,payable_line,line_no,,,,,,,,,,,none,none,,INTEGER,1,,0,0
200,payable_line:po_id:structural:system:none:none,manufacturing_graph_node/payable_line:po_id:structural:system:none:none,column,structural,system,payable_line,po_id,,,,,,,,,,,none,none,,TEXT,0,,0,1
201,payable_line:part_id:structural:system:none:none,manufacturing_graph_node/payable_line:part_id:structural:system:none:none,column,structural,system,payable_line,part_id,,,,,,,,,,,none,none,,TEXT,0,,0,1
202,payable_line:qty:structural:system:none:none,manufacturing_graph_node/payable_line:qty:structural:system:none:none,column,structural,system,payable_line,qty,,,,,,,,,,,none,none,,REAL,0,,0,0
203,payable_line:amount:structural:system:none:none,manufacturing_graph_node/payable_line:amount:structural:system:none:none,column,structural,system,payable_line,amount,,,,,,,,,,,none,none,,REAL,1,,0,0
204,payable_line:created_at:structural:system:none:none,manufacturing_graph_node/payable_line:created_at:structural:system:none:none,column,structural,system,payable_line,created_at,,,,,,,,,,,none,none,,DATETIME,0,CURRENT_TIMESTAMP,0,0
205,payable_line:po_line_id:structural:system:none:none,manufacturing_graph_node/payable_line:po_line_id:structural:system:none:none,column,structural,system,payable_line,po_line_id,,,,,,,,,,,none,none,,INTEGER,0,,0,1
206,payable_line:receipt_line_id:structural:system:none:none,manufacturing_graph_node/payable_line:receipt_line_id:structural:system:none:none,column,structural,system,payable_line,receipt_line_id,,,,,,,,,,,none,none,,INTEGER,0,,0,1
207,payables:invoice_id:structural:system:none:none,manufacturing_graph_node/payables:invoice_id:structural:system:none:none,column,structural,system,payables,invoice_id,,,,,,,,,,,none,none,,INTEGER,0,,1,0
208,payables:po_id:structural:system:none:none,manufacturing_graph_node/payables:po_id:structural:system:none:none,column,structural,system,payables,po_id,,,,,,,,,,,none,none,,TEXT,1,,0,1
209,payables:supplier_id:structural:system:none:none,manufacturing_graph_node/payables:supplier_id:structural:system:none:none,column,structural,system,payables,supplier_id,,,,,,,,,,,none,none,,TEXT,1,,0,1
210,payables:invoice_number:structural:system:none:none,manufacturing_graph_node/payables:invoice_number:structural:system:none:none,column,structural,system,payables,invoice_number,,,,,,,,,,,none,none,,TEXT,1,,0,0
211,payables:invoice_date:structural:system:none:none,manufacturing_graph_node/payables:invoice_date:structural:system:none:none,column,structural,system,payables,invoice_date,,,,,,,,,,,none,none,,DATE,1,,0,0
212,payables:due_date:structural:system:none:none,manufacturing_graph_node/payables:due_date:structural:system:none:none,column,structural,system,payables,due_date,,,,,,,,,,,none,none,,DATE,1,,0,0
213,payables:amount_dollars:structural:system:none:none,manufacturing_graph_node/payables:amount_dollars:structural:system:none:none,column,structural,system,payables,amount_dollars,,,,,,,,,,,none,none,,REAL,1,,0,0
214,payables:status:structural:system:none:none,manufacturing_graph_node/payables:status:structural:system:none:none,column,structural,system,payables,status,,,,,,,,,,,none,none,,TEXT,1,'Open',0,0
215,payables:payment_date:structural:system:none:none,manufacturing_graph_node/payables:payment_date:structural:system:none:none,column,structural,system,payables,payment_date,,,,,,,,,,,none,none,,DATE,0,,0,0
216,payables:three_way_match_status:structural:system:none:none,manufacturing_graph_node/payables:three_way_match_status:structural:system:none:none,column,structural,system,payables,three_way_match_status,,,,,,,,,,,none,none,,TEXT,0,'Pending',0,0
217,payables:created_at:structural:system:none:none,manufacturing_graph_node/payables:created_at:structural:system:none:none,column,structural,system,payables,created_at,,,,,,,,,,,none,none,,DATETIME,0,CURRENT_TIMESTAMP,0,0
218,po_line:line_id:structural:system:none:none,manufacturing_graph_node/po_line:line_id:structural:system:none:none,column,structural,system,po_line,line_id,,,,,,,,,,,none,none,,INTEGER,0,,1,0
219,po_line:po_id:structural:system:none:none,manufacturing_graph_node/po_line:po_id:structural:system:none:none,column,structural,system,po_line,po_id,,,,,,,,,,,none,none,,TEXT,1,,0,1
220,po_line:part_id:structural:system:none:none,manufacturing_graph_node/po_line:part_id:structural:system:none:none,column,structural,system,po_line,part_id,,,,,,,,,,,none,none,,TEXT,1,,0,1
221,po_line:part_description:structural:system:none:none,manufacturing_graph_node/po_line:part_description:structural:system:none:none,column,structural,system,po_line,part_description,,,,,,,,,,,none,none,,TEXT,1,,0,0
222,po_line:quantity:structural:system:none:none,manufacturing_graph_node/po_line:quantity:structural:system:none:none,column,structural,system,po_line,quantity,,,,,,,,,,,none,none,,REAL,1,,0,0
223,po_line:unit_cost:structural:system:none:none,manufacturing_graph_node/po_line:unit_cost:structural:system:none:none,column,structural,system,po_line,unit_cost,,,,,,,,,,,none,none,,REAL,1,,0,0
224,po_line:line_total:structural:system:none:none,manufacturing_graph_node/po_line:line_total:structural:system:none:none,column,structural,system,po_line,line_total,,,,,,,,,,,none,none,,REAL,1,,0,0
225,po_line:created_at:structural:system:none:none,manufacturing_graph_node/po_line:created_at:structural:system:none:none,column,structural,system,po_line,created_at,,,,,,,,,,,none,none,,DATETIME,0,CURRENT_TIMESTAMP,0,0
226,purchase_order:po_id:structural:system:none:none,manufacturing_graph_node/purchase_order:po_id:structural:system:none:none,column,structural,system,purchase_order,po_id,,,,,,,,,,,none,none,,TEXT,0,,1,1
227,purchase_order:supplier_id:structural:system:none:none,manufacturing_graph_node/purchase_order:supplier_id:structural:system:none:none,column,structural,system,purchase_order,supplier_id,,,,,,,,,,,none,none,,TEXT,1,,0,1
228,purchase_order:po_type:structural:system:none:none,manufacturing_graph_node/purchase_order:po_type:structural:system:none:none,column,structural,system,purchase_order,po_type,,,,,,,,,,,none,none,,TEXT,1,,0,0
229,purchase_order:po_date:structural:system:none:none,manufacturing_graph_node/purchase_order:po_date:structural:system:none:none,column,structural,system,purchase_order,po_date,,,,,,,,,,,none,none,,DATE,1,,0,0
230,purchase_order:required_date:structural:system:none:none,manufacturing_graph_node/purchase_order:required_date:structural:system:none:none,column,structural,system,purchase_order,required_date,,,,,,,,,,,none,none,,DATE,0,,0,0
231,purchase_order:status:structural:system:none:none,manufacturing_graph_node/purchase_order:status:structural:system:none:none,column,structural,system,purchase_order,status,,,,,,,,,,,none,none,,TEXT,1,,0,0
232,purchase_order:total_cost:structural:system:none:none,manufacturing_graph_node/purchase_order:total_cost:structural:system:none:none,column,structural,system,purchase_order,total_cost,,,,,,,,,,,none,none,,REAL,0,0.0,0,0
233,purchase_order:wo_id:structural:system:none:none,manufacturing_graph_node/purchase_order:wo_id:structural:system:none:none,column,structural,system,purchase_order,wo_id,,,,,,,,,,,none,none,,TEXT,0,,0,1
234,purchase_order:service_id:structural:system:none:none,manufacturing_graph_node/purchase_order:service_id:structural:system:none:none,column,structural,system,purchase_order,service_id,,,,,,,,,,,none,none,,TEXT,0,,0,0
235,purchase_order:buyer_id:structural:system:none:none,manufacturing_graph_node/purchase_order:buyer_id:structural:system:none:none,column,structural,system,purchase_order,buyer_id,,,,,,,,,,,none,none,,TEXT,0,'BUYER-1',0,0
236,purchase_order:site_id:structural:system:none:none,manufacturing_graph_node/purchase_order:site_id:structural:system:none:none,column,structural,system,purchase_order,site_id,,,,,,,,,,,none,none,,TEXT,0,'SITE-1',0,0
237,purchase_order:created_at:structural:system:none:none,manufacturing_graph_node/purchase_order:created_at:structural:system:none:none,column,structural,system,purchase_order,created_at,,,,,,,,,,,none,none,,DATETIME,0,CURRENT_TIMESTAMP,0,0
238,receivable:invoice_id:structural:system:none:none,manufacturing_graph_node/receivable:invoice_id:structural:system:none:none,column,structural,system,receivable,invoice_id,,,,,,,,,,,none,none,,INTEGER,0,,1,0
239,receivable:order_id:structural:system:none:none,manufacturing_graph_node/receivable:order_id:structural:system:none:none,column,structural,system,receivable,order_id,,,,,,,,,,,none,none,,TEXT,1,,0,1
240,receivable:customer_name:structural:system:none:none,manufacturing_graph_node/receivable:customer_name:structural:system:none:none,column,structural,system,receivable,customer_name,,,,,,,,,,,none,none,,TEXT,1,,0,0
241,receivable:invoice_number:structural:system:none:none,manufacturing_graph_node/receivable:invoice_number:structural:system:none:none,column,structural,system,receivable,invoice_number,,,,,,,,,,,none,none,,TEXT,1,,0,0
242,receivable:invoice_date:structural:system:none:none,manufacturing_graph_node/receivable:invoice_date:structural:system:none:none,column,structural,system,receivable,invoice_date,,,,,,,,,,,none,none,,DATE,1,,0,0
243,receivable:due_date:structural:system:none:none,manufacturing_graph_node/receivable:due_date:structural:system:none:none,column,structural,system,receivable,due_date,,,,,,,,,,,none,none,,DATE,1,,0,0
244,receivable:amount_dollars:structural:system:none:none,manufacturing_graph_node/receivable:amount_dollars:structural:system:none:none,column,structural,system,receivable,amount_dollars,,,,,,,,,,,none,none,,REAL,1,,0,0
245,receivable:status:structural:system:none:none,manufacturing_graph_node/receivable:status:structural:system:none:none,column,structural,system,receivable,status,,,,,,,,,,,none,none,,TEXT,1,'Open',0,0
246,receivable:payment_date:structural:system:none:none,manufacturing_graph_node/receivable:payment_date:structural:system:none:none,column,structural,system,receivable,payment_date,,,,,,,,,,,none,none,,DATE,0,,0,0
247,receivable:created_at:structural:system:none:none,manufacturing_graph_node/receivable:created_at:structural:system:none:none,column,structural,system,receivable,created_at,,,,,,,,,,,none,none,,DATETIME,0,CURRENT_TIMESTAMP,0,0
248,receivable_line:receivable_line_id:structural:system:none:none,manufacturing_graph_node/receivable_line:receivable_line_id:structural:system:none:none,column,structural,system,receivable_line,receivable_line_id,,,,,,,,,,,none,none,,INTEGER,0,,1,0
249,receivable_line:invoice_id:structural:system:none:none,manufacturing_graph_node/receivable_line:invoice_id:structural:system:none:none,column,structural,system,receivable_line,invoice_id,,,,,,,,,,,none,none,,INTEGER,1,,0,1
250,receivable_line:line_no:structural:system:none:none,manufacturing_graph_node/receivable_line:line_no:structural:system:none:none,column,structural,system,receivable_line,line_no,,,,,,,,,,,none,none,,INTEGER,1,,0,0
251,receivable_line:order_id:structural:system:none:none,manufacturing_graph_node/receivable_line:order_id:structural:system:none:none,column,structural,system,receivable_line,order_id,,,,,,,,,,,none,none,,TEXT,0,,0,1
252,receivable_line:part_id:structural:system:none:none,manufacturing_graph_node/receivable_line:part_id:structural:system:none:none,column,structural,system,receivable_line,part_id,,,,,,,,,,,none,none,,TEXT,0,,0,1
253,receivable_line:qty:structural:system:none:none,manufacturing_graph_node/receivable_line:qty:structural:system:none:none,column,structural,system,receivable_line,qty,,,,,,,,,,,none,none,,REAL,0,,0,0
254,receivable_line:amount:structural:system:none:none,manufacturing_graph_node/receivable_line:amount:structural:system:none:none,column,structural,system,receivable_line,amount,,,,,,,,,,,none,none,,REAL,1,,0,0
255,receivable_line:order_line_id:structural:system:none:none,manufacturing_graph_node/receivable_line:order_line_id:structural:system:none:none,column,structural,system,receivable_line,order_line_id,,,,,,,,,,,none,none,,INTEGER,0,,0,1
256,receivable_line:shipment_line_id:structural:system:none:none,manufacturing_graph_node/receivable_line:shipment_line_id:structural:system:none:none,column,structural,system,receivable_line,shipment_line_id,,,,,,,,,,,none,none,,INTEGER,0,,0,0
257,receivable_line:created_at:structural:system:none:none,manufacturing_graph_node/receivable_line:created_at:structural:system:none:none,column,structural,system,receivable_line,created_at,,,,,,,,,,,none,none,,DATETIME,0,CURRENT_TIMESTAMP,0,0
258,receivable_payment:payment_id:structural:system:none:none,manufacturing_graph_node/receivable_payment:payment_id:structural:system:none:none,column,structural,system,receivable_payment,payment_id,,,,,,,,,,,none,none,,INTEGER,0,,1,0
259,receivable_payment:invoice_id:structural:system:none:none,manufacturing_graph_node/receivable_payment:invoice_id:structural:system:none:none,column,structural,system,receivable_payment,invoice_id,,,,,,,,,,,none,none,,INTEGER,1,,0,1
260,receivable_payment:installment_no:structural:system:none:none,manufacturing_graph_node/receivable_payment:installment_no:structural:system:none:none,column,structural,system,receivable_payment,installment_no,,,,,,,,,,,none,none,,INTEGER,1,,0,0
261,receivable_payment:payment_date:structural:system:none:none,manufacturing_graph_node/receivable_payment:payment_date:structural:system:none:none,column,structural,system,receivable_payment,payment_date,,,,,,,,,,,none,none,,DATE,1,,0,0
262,receivable_payment:amount:structural:system:none:none,manufacturing_graph_node/receivable_payment:amount:structural:system:none:none,column,structural,system,receivable_payment,amount,,,,,,,,,,,none,none,,REAL,1,,0,0
263,receivable_payment:source_event_id:structural:system:none:none,manufacturing_graph_node/receivable_payment:source_event_id:structural:system:none:none,column,structural,system,receivable_payment,source_event_id,,,,,,,,,,,none,none,,INTEGER,0,,0,1
264,receivable_payment:created_at:structural:system:none:none,manufacturing_graph_node/receivable_payment:created_at:structural:system:none:none,column,structural,system,receivable_payment,created_at,,,,,,,,,,,none,none,,DATETIME,0,CURRENT_TIMESTAMP,0,0
265,receiving:receipt_id:structural:system:none:none,manufacturing_graph_node/receiving:receipt_id:structural:system:none:none,column,structural,system,receiving,receipt_id,,,,,,,,,,,none,none,,INTEGER,0,,1,0
266,receiving:po_id:structural:system:none:none,manufacturing_graph_node/receiving:po_id:structural:system:none:none,column,structural,system,receiving,po_id,,,,,,,,,,,none,none,,TEXT,1,,0,1
267,receiving:supplier_id:structural:system:none:none,manufacturing_graph_node/receiving:supplier_id:structural:system:none:none,column,structural,system,receiving,supplier_id,,,,,,,,,,,none,none,,TEXT,1,,0,1
268,receiving:part_id:structural:system:none:none,manufacturing_graph_node/receiving:part_id:structural:system:none:none,column,structural,system,receiving,part_id,,,,,,,,,,,none,none,,TEXT,1,,0,1
269,receiving:quantity_ordered:structural:system:none:none,manufacturing_graph_node/receiving:quantity_ordered:structural:system:none:none,column,structural,system,receiving,quantity_ordered,,,,,,,,,,,none,none,,REAL,1,,0,0
270,receiving:quantity_received:structural:system:none:none,manufacturing_graph_node/receiving:quantity_received:structural:system:none:none,column,structural,system,receiving,quantity_received,,,,,,,,,,,none,none,,REAL,1,,0,0
271,receiving:receipt_date:structural:system:none:none,manufacturing_graph_node/receiving:receipt_date:structural:system:none:none,column,structural,system,receiving,receipt_date,,,,,,,,,,,none,none,,DATE,1,,0,0
272,receiving:inspection_status:structural:system:none:none,manufacturing_graph_node/receiving:inspection_status:structural:system:none:none,column,structural,system,receiving,inspection_status,,,,,,,,,,,none,none,,TEXT,1,'Pending',0,0
273,receiving:cert_required:structural:system:none:none,manufacturing_graph_node/receiving:cert_required:structural:system:none:none,column,structural,system,receiving,cert_required,,,,,,,,,,,none,none,,INTEGER,0,0,0,0
274,receiving:created_at:structural:system:none:none,manufacturing_graph_node/receiving:created_at:structural:system:none:none,column,structural,system,receiving,created_at,,,,,,,,,,,none,none,,DATETIME,0,CURRENT_TIMESTAMP,0,0
275,receiving:received_date:structural:system:none:none,manufacturing_graph_node/receiving:received_date:structural:system:none:none,column,structural,system,receiving,received_date,,,,,,,,,,,none,none,,DATE,0,,0,0
276,receiving_line:receipt_line_id:structural:system:none:none,manufacturing_graph_node/receiving_line:receipt_line_id:structural:system:none:none,column,structural,system,receiving_line,receipt_line_id,,,,,,,,,,,none,none,,INTEGER,0,,1,0
277,receiving_line:receipt_id:structural:system:none:none,manufacturing_graph_node/receiving_line:receipt_id:structural:system:none:none,column,structural,system,receiving_line,receipt_id,,,,,,,,,,,none,none,,INTEGER,1,,0,1
278,receiving_line:line_no:structural:system:none:none,manufacturing_graph_node/receiving_line:line_no:structural:system:none:none,column,structural,system,receiving_line,line_no,,,,,,,,,,,none,none,,INTEGER,1,,0,0
279,receiving_line:po_line_id:structural:system:none:none,manufacturing_graph_node/receiving_line:po_line_id:structural:system:none:none,column,structural,system,receiving_line,po_line_id,,,,,,,,,,,none,none,,INTEGER,0,,0,1
280,receiving_line:part_id:structural:system:none:none,manufacturing_graph_node/receiving_line:part_id:structural:system:none:none,column,structural,system,receiving_line,part_id,,,,,,,,,,,none,none,,TEXT,1,,0,1
281,receiving_line:quantity_ordered:structural:system:none:none,manufacturing_graph_node/receiving_line:quantity_ordered:structural:system:none:none,column,structural,system,receiving_line,quantity_ordered,,,,,,,,,,,none,none,,REAL,1,,0,0
282,receiving_line:quantity_received:structural:system:none:none,manufacturing_graph_node/receiving_line:quantity_received:structural:system:none:none,column,structural,system,receiving_line,quantity_received,,,,,,,,,,,none,none,,REAL,1,,0,0
283,receiving_line:inspection_status:structural:system:none:none,manufacturing_graph_node/receiving_line:inspection_status:structural:system:none:none,column,structural,system,receiving_line,inspection_status,,,,,,,,,,,none,none,,TEXT,1,'Pending',0,0
284,receiving_line:cert_required:structural:system:none:none,manufacturing_graph_node/receiving_line:cert_required:structural:system:none:none,column,structural,system,receiving_line,cert_required,,,,,,,,,,,none,none,,INTEGER,0,0,0,0
285,receiving_line:created_at:structural:system:none:none,manufacturing_graph_node/receiving_line:created_at:structural:system:none:none,column,structural,system,receiving_line,created_at,,,,,,,,,,,none,none,,DATETIME,0,CURRENT_TIMESTAMP,0,0
286,requirement:requirement_id:structural:system:none:none,manufacturing_graph_node/requirement:requirement_id:structural:system:none:none,column,structural,system,requirement,requirement_id,,,,,,,,,,,none,none,,TEXT,0,,1,0
287,requirement:component_type:structural:system:none:none,manufacturing_graph_node/requirement:component_type:structural:system:none:none,column,structural,system,requirement,component_type,,,,,,,,,,,none,none,,TEXT,1,,0,0
288,requirement:component_id:structural:system:none:none,manufacturing_graph_node/requirement:component_id:structural:system:none:none,column,structural,system,requirement,component_id,,,,,,,,,,,none,none,,TEXT,1,,0,0
289,requirement:requirement_level:structural:system:none:none,manufacturing_graph_node/requirement:requirement_level:structural:system:none:none,column,structural,system,requirement,requirement_level,,,,,,,,,,,none,none,,TEXT,1,,0,0
290,requirement:requirement_type:structural:system:none:none,manufacturing_graph_node/requirement:requirement_type:structural:system:none:none,column,structural,system,requirement,requirement_type,,,,,,,,,,,none,none,,TEXT,1,,0,0
291,requirement:operation_seq:structural:system:none:none,manufacturing_graph_node/requirement:operation_seq:structural:system:none:none,column,structural,system,requirement,operation_seq,,,,,,,,,,,none,none,,INTEGER,1,,0,0
292,requirement:operation_rowid:structural:system:none:none,manufacturing_graph_node/requirement:operation_rowid:structural:system:none:none,column,structural,system,requirement,operation_rowid,,,,,,,,,,,none,none,,INTEGER,0,,0,1
293,requirement:material_part_id:structural:system:none:none,manufacturing_graph_node/requirement:material_part_id:structural:system:none:none,column,structural,system,requirement,material_part_id,,,,,,,,,,,none,none,,TEXT,0,,0,1
294,requirement:std_qty:structural:system:none:none,manufacturing_graph_node/requirement:std_qty:structural:system:none:none,column,structural,system,requirement,std_qty,,,,,,,,,,,none,none,,REAL,0,0.0,0,0
295,requirement:actual_qty:structural:system:none:none,manufacturing_graph_node/requirement:actual_qty:structural:system:none:none,column,structural,system,requirement,actual_qty,,,,,,,,,,,none,none,,REAL,0,0.0,0,0
296,requirement:unit_cost:structural:system:none:none,manufacturing_graph_node/requirement:unit_cost:structural:system:none:none,column,structural,system,requirement,unit_cost,,,,,,,,,,,none,none,,REAL,0,0.0,0,0
297,requirement:extended_cost:structural:system:none:none,manufacturing_graph_node/requirement:extended_cost:structural:system:none:none,column,structural,system,requirement,extended_cost,,,,,,,,,,,none,none,,REAL,0,0.0,0,0
298,requirement:created_at:structural:system:none:none,manufacturing_graph_node/requirement:created_at:structural:system:none:none,column,structural,system,requirement,created_at,,,,,,,,,,,none,none,,DATETIME,0,CURRENT_TIMESTAMP,0,0
299,service:service_id:structural:system:none:none,manufacturing_graph_node/service:service_id:structural:system:none:none,column,structural,system,service,service_id,,,,,,,,,,,none,none,,TEXT,0,,1,0
300,service:description:structural:system:none:none,manufacturing_graph_node/service:description:structural:system:none:none,column,structural,system,service,description,,,,,,,,,,,none,none,,TEXT,1,,0,0
301,service:default_vendor:structural:system:none:none,manufacturing_graph_node/service:default_vendor:structural:system:none:none,column,structural,system,service,default_vendor,,,,,,,,,,,none,none,,TEXT,0,,0,0
302,service:base_charge:structural:system:none:none,manufacturing_graph_node/service:base_charge:structural:system:none:none,column,structural,system,service,base_charge,,,,,,,,,,,none,none,,REAL,0,0.0,0,0
303,service:created_at:structural:system:none:none,manufacturing_graph_node/service:created_at:structural:system:none:none,column,structural,system,service,created_at,,,,,,,,,,,none,none,,DATETIME,0,CURRENT_TIMESTAMP,0,0
304,shop_resource:resource_id:structural:system:none:none,manufacturing_graph_node/shop_resource:resource_id:structural:system:none:none,column,structural,system,shop_resource,resource_id,,,,,,,,,,,none,none,,TEXT,0,,1,0
305,shop_resource:description:structural:system:none:none,manufacturing_graph_node/shop_resource:description:structural:system:none:none,column,structural,system,shop_resource,description,,,,,,,,,,,none,none,,TEXT,1,,0,0
306,shop_resource:resource_type:structural:system:none:none,manufacturing_graph_node/shop_resource:resource_type:structural:system:none:none,column,structural,system,shop_resource,resource_type,,,,,,,,,,,none,none,,TEXT,1,,0,0
307,shop_resource:run_cost_per_hr:structural:system:none:none,manufacturing_graph_node/shop_resource:run_cost_per_hr:structural:system:none:none,column,structural,system,shop_resource,run_cost_per_hr,,,,,,,,,,,none,none,,REAL,0,0.0,0,0
308,shop_resource:bur_per_hr_run:structural:system:none:none,manufacturing_graph_node/shop_resource:bur_per_hr_run:structural:system:none:none,column,structural,system,shop_resource,bur_per_hr_run,,,,,,,,,,,none,none,,REAL,0,0.0,0,0
309,shop_resource:active:structural:system:none:none,manufacturing_graph_node/shop_resource:active:structural:system:none:none,column,structural,system,shop_resource,active,,,,,,,,,,,none,none,,INTEGER,0,1,0,0
310,shop_resource:created_at:structural:system:none:none,manufacturing_graph_node/shop_resource:created_at:structural:system:none:none,column,structural,system,shop_resource,created_at,,,,,,,,,,,none,none,,DATETIME,0,CURRENT_TIMESTAMP,0,0
311,site:site_id:structural:system:none:none,manufacturing_graph_node/site:site_id:structural:system:none:none,column,structural,system,site,site_id,,,,,,,,,,,none,none,,TEXT,0,,1,0
312,site:site_name:structural:system:none:none,manufacturing_graph_node/site:site_name:structural:system:none:none,column,structural,system,site,site_name,,,,,,,,,,,none,none,,TEXT,1,,0,0
313,site:region:structural:system:none:none,manufacturing_graph_node/site:region:structural:system:none:none,column,structural,system,site,region,,,,,,,,,,,none,none,,TEXT,0,,0,0
314,site:created_at:structural:system:none:none,manufacturing_graph_node/site:created_at:structural:system:none:none,column,structural,system,site,created_at,,,,,,,,,,,none,none,,DATETIME,0,CURRENT_TIMESTAMP,0,0
315,suppliers:supplier_id:structural:system:none:none,manufacturing_graph_node/suppliers:supplier_id:structural:system:none:none,column,structural,system,suppliers,supplier_id,,,,,,,,,,,none,none,,TEXT,0,,1,0
316,suppliers:supplier_name:structural:system:none:none,manufacturing_graph_node/suppliers:supplier_name:structural:system:none:none,column,structural,system,suppliers,supplier_name,,,,,,,,,,,none,none,,TEXT,1,,0,0
317,suppliers:contact_email:structural:system:none:none,manufacturing_graph_node/suppliers:contact_email:structural:system:none:none,column,structural,system,suppliers,contact_email,,,,,,,,,,,none,none,,TEXT,0,,0,0
318,suppliers:phone:structural:system:none:none,manufacturing_graph_node/suppliers:phone:structural:system:none:none,column,structural,system,suppliers,phone,,,,,,,,,,,none,none,,TEXT,0,,0,0
319,suppliers:address:structural:system:none:none,manufacturing_graph_node/suppliers:address:structural:system:none:none,column,structural,system,suppliers,address,,,,,,,,,,,none,none,,TEXT,0,,0,0
320,suppliers:performance_rating:structural:system:none:none,manufacturing_graph_node/suppliers:performance_rating:structural:system:none:none,column,structural,system,suppliers,performance_rating,,,,,,,,,,,none,none,,REAL,0,0.0,0,0
321,suppliers:certification_level:structural:system:none:none,manufacturing_graph_node/suppliers:certification_level:structural:system:none:none,column,structural,system,suppliers,certification_level,,,,,,,,,,,none,none,,TEXT,0,,0,0
322,suppliers:category:structural:system:none:none,manufacturing_graph_node/suppliers:category:structural:system:none:none,column,structural,system,suppliers,category,,,,,,,,,,,none,none,,TEXT,0,,0,0
323,suppliers:payment_terms:structural:system:none:none,manufacturing_graph_node/suppliers:payment_terms:structural:system:none:none,column,structural,system,suppliers,payment_terms,,,,,,,,,,,none,none,,TEXT,0,'Net30',0,0
324,suppliers:lead_time_days:structural:system:none:none,manufacturing_graph_node/suppliers:lead_time_days:structural:system:none:none,column,structural,system,suppliers,lead_time_days,,,,,,,,,,,none,none,,INTEGER,0,14,0,0
325,suppliers:outside_service:structural:system:none:none,manufacturing_graph_node/suppliers:outside_service:structural:system:none:none,column,structural,system,suppliers,outside_service,,,,,,,,,,,none,none,,INTEGER,0,0,0,0
326,suppliers:active:structural:system:none:none,manufacturing_graph_node/suppliers:active:structural:system:none:none,column,structural,system,suppliers,active,,,,,,,,,,,none,none,,INTEGER,0,1,0,0
327,suppliers:created_date:structural:system:none:none,manufacturing_graph_node/suppliers:created_date:structural:system:none:none,column,structural,system,suppliers,created_date,,,,,,,,,,,none,none,,DATETIME,0,CURRENT_TIMESTAMP,0,0
328,trace:trace_id:structural:system:none:none,manufacturing_graph_node/trace:trace_id:structural:system:none:none,column,structural,system,trace,trace_id,,,,,,,,,,,none,none,,INTEGER,0,,1,0
329,trace:part_id:structural:system:none:none,manufacturing_graph_node/trace:part_id:structural:system:none:none,column,structural,system,trace,part_id,,,,,,,,,,,none,none,,TEXT,1,,0,1
330,trace:lot_id:structural:system:none:none,manufacturing_graph_node/trace:lot_id:structural:system:none:none,column,structural,system,trace,lot_id,,,,,,,,,,,none,none,,TEXT,0,,0,0
331,trace:serial_id:structural:system:none:none,manufacturing_graph_node/trace:serial_id:structural:system:none:none,column,structural,system,trace,serial_id,,,,,,,,,,,none,none,,TEXT,0,,0,0
332,trace:in_qty:structural:system:none:none,manufacturing_graph_node/trace:in_qty:structural:system:none:none,column,structural,system,trace,in_qty,,,,,,,,,,,none,none,,REAL,0,0,0,0
333,trace:out_qty:structural:system:none:none,manufacturing_graph_node/trace:out_qty:structural:system:none:none,column,structural,system,trace,out_qty,,,,,,,,,,,none,none,,REAL,0,0,0,0
334,trace:production_date:structural:system:none:none,manufacturing_graph_node/trace:production_date:structural:system:none:none,column,structural,system,trace,production_date,,,,,,,,,,,none,none,,DATE,0,,0,0
335,trace:expiration_date:structural:system:none:none,manufacturing_graph_node/trace:expiration_date:structural:system:none:none,column,structural,system,trace,expiration_date,,,,,,,,,,,none,none,,DATE,0,,0,0
336,trace:site_id:structural:system:none:none,manufacturing_graph_node/trace:site_id:structural:system:none:none,column,structural,system,trace,site_id,,,,,,,,,,,none,none,,TEXT,0,,0,1
337,trace:created_at:structural:system:none:none,manufacturing_graph_node/trace:created_at:structural:system:none:none,column,structural,system,trace,created_at,,,,,,,,,,,none,none,,DATETIME,0,CURRENT_TIMESTAMP,0,0
338,trace_inventory_trace:trace_inv_id:structural:system:none:none,manufacturing_graph_node/trace_inventory_trace:trace_inv_id:structural:system:none:none,column,structural,system,trace_inventory_trace,trace_inv_id,,,,,,,,,,,none,none,,INTEGER,0,,1,0
339,trace_inventory_trace:part_id:structural:system:none:none,manufacturing_graph_node/trace_inventory_trace:part_id:structural:system:none:none,column,structural,system,trace_inventory_trace,part_id,,,,,,,,,,,none,none,,TEXT,1,,0,1
340,trace_inventory_trace:trace_id:structural:system:none:none,manufacturing_graph_node/trace_inventory_trace:trace_id:structural:system:none:none,column,structural,system,trace_inventory_trace,trace_id,,,,,,,,,,,none,none,,INTEGER,1,,0,1
341,trace_inventory_trace:transaction_id:structural:system:none:none,manufacturing_graph_node/trace_inventory_trace:transaction_id:structural:system:none:none,column,structural,system,trace_inventory_trace,transaction_id,,,,,,,,,,,none,none,,INTEGER,1,,0,1
342,trace_inventory_trace:qty:structural:system:none:none,manufacturing_graph_node/trace_inventory_trace:qty:structural:system:none:none,column,structural,system,trace_inventory_trace,qty,,,,,,,,,,,none,none,,REAL,1,,0,0
343,trace_inventory_trace:created_at:structural:system:none:none,manufacturing_graph_node/trace_inventory_trace:created_at:structural:system:none:none,column,structural,system,trace_inventory_trace,created_at,,,,,,,,,,,none,none,,DATETIME,0,CURRENT_TIMESTAMP,0,0
344,warehouse:warehouse_id:structural:system:none:none,manufacturing_graph_node/warehouse:warehouse_id:structural:system:none:none,column,structural,system,warehouse,warehouse_id,,,,,,,,,,,none,none,,TEXT,0,,1,0
345,warehouse:description:structural:system:none:none,manufacturing_graph_node/warehouse:description:structural:system:none:none,column,structural,system,warehouse,description,,,,,,,,,,,none,none,,TEXT,0,,0,0
346,warehouse:name:structural:system:none:none,manufacturing_graph_node/warehouse:name:structural:system:none:none,column,structural,system,warehouse,name,,,,,,,,,,,none,none,,TEXT,0,,0,0
347,warehouse:site_id:structural:system:none:none,manufacturing_graph_node/warehouse:site_id:structural:system:none:none,column,structural,system,warehouse,site_id,,,,,,,,,,,none,none,,TEXT,1,,0,1
348,warehouse:region_id:structural:system:none:none,manufacturing_graph_node/warehouse:region_id:structural:system:none:none,column,structural,system,warehouse,region_id,,,,,,,,,,,none,none,,TEXT,0,,0,0
349,warehouse:independent:structural:system:none:none,manufacturing_graph_node/warehouse:independent:structural:system:none:none,column,structural,system,warehouse,independent,,,,,,,,,,,none,none,,TEXT,1,'Y',0,0
350,warehouse:mrp_exempt:structural:system:none:none,manufacturing_graph_node/warehouse:mrp_exempt:structural:system:none:none,column,structural,system,warehouse,mrp_exempt,,,,,,,,,,,none,none,,TEXT,1,'N',0,0
351,warehouse:created_at:structural:system:none:none,manufacturing_graph_node/warehouse:created_at:structural:system:none:none,column,structural,system,warehouse,created_at,,,,,,,,,,,none,none,,DATETIME,0,CURRENT_TIMESTAMP,0,0
352,work_order:wo_id:structural:system:none:none,manufacturing_graph_node/work_order:wo_id:structural:system:none:none,column,structural,system,work_order,wo_id,,,,,,,,,,,none,none,,TEXT,0,,1,0
353,work_order:workorder_type:structural:system:none:none,manufacturing_graph_node/work_order:workorder_type:structural:system:none:none,column,structural,system,work_order,workorder_type,,,,,,,,,,,none,none,,TEXT,1,,0,0
354,work_order:part_id:structural:system:none:none,manufacturing_graph_node/work_order:part_id:structural:system:none:none,column,structural,system,work_order,part_id,,,,,,,,,,,none,none,,TEXT,1,,0,1
355,work_order:part_description:structural:system:none:none,manufacturing_graph_node/work_order:part_description:structural:system:none:none,column,structural,system,work_order,part_description,,,,,,,,,,,none,none,,TEXT,1,,0,0
356,work_order:quantity:structural:system:none:none,manufacturing_graph_node/work_order:quantity:structural:system:none:none,column,structural,system,work_order,quantity,,,,,,,,,,,none,none,,REAL,1,,0,0
357,work_order:status:structural:system:none:none,manufacturing_graph_node/work_order:status:structural:system:none:none,column,structural,system,work_order,status,,,,,,,,,,,none,none,,TEXT,1,,0,0
358,work_order:open_date:structural:system:none:none,manufacturing_graph_node/work_order:open_date:structural:system:none:none,column,structural,system,work_order,open_date,,,,,,,,,,,none,none,,DATE,0,,0,0
359,work_order:close_date:structural:system:none:none,manufacturing_graph_node/work_order:close_date:structural:system:none:none,column,structural,system,work_order,close_date,,,,,,,,,,,none,none,,DATE,0,,0,0
360,work_order:required_date:structural:system:none:none,manufacturing_graph_node/work_order:required_date:structural:system:none:none,column,structural,system,work_order,required_date,,,,,,,,,,,none,none,,DATE,0,,0,0
361,work_order:routing_template:structural:system:none:none,manufacturing_graph_node/work_order:routing_template:structural:system:none:none,column,structural,system,work_order,routing_template,,,,,,,,,,,none,none,,TEXT,0,,0,0
362,work_order:act_lab_cost:structural:system:none:none,manufacturing_graph_node/work_order:act_lab_cost:structural:system:none:none,column,structural,system,work_order,act_lab_cost,,,,,,,,,,,none,none,,REAL,0,0.0,0,0
363,work_order:act_bur_cost:structural:system:none:none,manufacturing_graph_node/work_order:act_bur_cost:structural:system:none:none,column,structural,system,work_order,act_bur_cost,,,,,,,,,,,none,none,,REAL,0,0.0,0,0
364,work_order:act_ser_cost:structural:system:none:none,manufacturing_graph_node/work_order:act_ser_cost:structural:system:none:none,column,structural,system,work_order,act_ser_cost,,,,,,,,,,,none,none,,REAL,0,0.0,0,0
365,work_order:act_mat_cost:structural:system:none:none,manufacturing_graph_node/work_order:act_mat_cost:structural:system:none:none,column,structural,system,work_order,act_mat_cost,,,,,,,,,,,none,none,,REAL,0,0.0,0,0
366,work_order:desired_rls_date:structural:system:none:none,manufacturing_graph_node/work_order:desired_rls_date:structural:system:none:none,column,structural,system,work_order,desired_rls_date,,,,,,,,,,,none,none,,DATETIME,0,,0,0
367,work_order:sched_start_date:structural:system:none:none,manufacturing_graph_node/work_order:sched_start_date:structural:system:none:none,column,structural,system,work_order,sched_start_date,,,,,,,,,,,none,none,,DATETIME,0,,0,0
368,work_order:sched_finish_date:structural:system:none:none,manufacturing_graph_node/work_order:sched_finish_date:structural:system:none:none,column,structural,system,work_order,sched_finish_date,,,,,,,,,,,none,none,,DATETIME,0,,0,0
369,work_order:outside_service:structural:system:none:none,manufacturing_graph_node/work_order:outside_service:structural:system:none:none,column,structural,system,work_order,outside_service,,,,,,,,,,,none,none,,INTEGER,0,0,0,0
370,work_order:service_date:structural:system:none:none,manufacturing_graph_node/work_order:service_date:structural:system:none:none,column,structural,system,work_order,service_date,,,,,,,,,,,none,none,,DATE,0,,0,0
371,work_order:vendor_id:structural:system:none:none,manufacturing_graph_node/work_order:vendor_id:structural:system:none:none,column,structural,system,work_order,vendor_id,,,,,,,,,,,none,none,,TEXT,0,,0,0
372,work_order:site_id:structural:system:none:none,manufacturing_graph_node/work_order:site_id:structural:system:none:none,column,structural,system,work_order,site_id,,,,,,,,,,,none,none,,TEXT,0,'SITE-1',0,0
373,work_order:created_at:structural:system:none:none,manufacturing_graph_node/work_order:created_at:structural:system:none:none,column,structural,system,work_order,created_at,,,,,,,,,,,none,none,,DATETIME,0,CURRENT_TIMESTAMP,0,0
374,work_order:demand_order_line_id:structural:system:none:none,manufacturing_graph_node/work_order:demand_order_line_id:structural:system:none:none,column,structural,system,work_order,demand_order_line_id,,,,,,,,,,,none,none,,INTEGER,0,,0,1
375,ARCashReceiptAmount:entity:semantic:canonical:none:none,manufacturing_graph_node/ARCashReceiptAmount:entity:semantic:canonical:none:none,concept,semantic,canonical,,,,ARCashReceiptAmount,,finance,[],[],,,,,none,none,Dollar amount of cash received in a single payment installment against an accounts-receivable invoice,,,,,
376,ARInstallmentSequence:entity:semantic:canonical:none:none,manufacturing_graph_node/ARInstallmentSequence:entity:semantic:canonical:none:none,concept,semantic,canonical,,,,ARInstallmentSequence,,finance,[],[],,,,,none,none,Ordinal position of this payment within a multi-installment payment schedule for an AR invoice (1 = first installment),,,,,
377,ARInvoiceReference:entity:semantic:canonical:none:none,manufacturing_graph_node/ARInvoiceReference:entity:semantic:canonical:none:none,concept,semantic,canonical,,,,ARInvoiceReference,,finance,[],[],,,,,none,none,FK link that identifies which AR invoice a cash-receipt installment is applied against (receivable_payment.invoice_id -> receivable),,,,,
378,ARPaymentDate:entity:semantic:canonical:none:none,manufacturing_graph_node/ARPaymentDate:entity:semantic:canonical:none:none,concept,semantic,canonical,,,,ARPaymentDate,,finance,[],[],,,,,none,none,Date on which a cash payment was received and applied to an AR invoice installment (temporal cash-settlement marker),,,,,
379,AllocatedQuantity:entity:semantic:canonical:none:none,manufacturing_graph_node/AllocatedQuantity:entity:semantic:canonical:none:none,concept,semantic,canonical,,,,AllocatedQuantity,,operations,"[""allocated"", ""reserved quantity"", ""committed quantity""]","[""mrp"", ""inventory"", ""allocation""]",,,,,none,none,Quantity of on-hand stock already committed / reserved to existing orders,,,,,
380,AvailableToPromise:entity:semantic:canonical:none:none,manufacturing_graph_node/AvailableToPromise:entity:semantic:canonical:none:none,concept,semantic,canonical,,,,AvailableToPromise,,operations,"[""ATP"", ""available to promise quantity""]","[""mrp"", ""inventory"", ""availability""]",,,,,none,none,Uncommitted inventory available to promise to new customer orders (on hand minus allocated),,,,,
381,CertificationStatusState:entity:semantic:canonical:none:none,manufacturing_graph_node/CertificationStatusState:entity:semantic:canonical:none:none,concept,semantic,canonical,,,,CertificationStatusState,,quality,[],[],,,,,none,none,Validity state of a certification (active / expired / revoked / pending),,,,,
382,CertificationType:entity:semantic:canonical:none:none,manufacturing_graph_node/CertificationType:entity:semantic:canonical:none:none,concept,semantic,canonical,,,,CertificationType,,quality,[],[],,,,,none,none,Kind of certification held (material / process / quality-system / etc.),,,,,
383,DefectSeverityCost:entity:semantic:canonical:none:none,manufacturing_graph_node/DefectSeverityCost:entity:semantic:canonical:none:none,concept,semantic,canonical,,,,DefectSeverityCost,,finance,[],[],,,,,none,none,Defect severity from cost impact perspective - focuses on financial exposure,,,,,
384,DefectSeverityCustomer:entity:semantic:canonical:none:none,manufacturing_graph_node/DefectSeverityCustomer:entity:semantic:canonical:none:none,concept,semantic,canonical,,,,DefectSeverityCustomer,,customer,[],[],,,,,none,none,Defect severity from customer visibility perspective - focuses on brand risk,,,,,
385,DefectSeverityQuality:entity:semantic:canonical:none:none,manufacturing_graph_node/DefectSeverityQuality:entity:semantic:canonical:none:none,concept,semantic,canonical,,,,DefectSeverityQuality,,quality,[],[],,,,,none,none,Defect severity from quality control perspective - focuses on product conformance,,,,,
386,DeliveryPerformanceFinance:entity:semantic:canonical:none:none,manufacturing_graph_node/DeliveryPerformanceFinance:entity:semantic:canonical:none:none,concept,semantic,canonical,,,,DeliveryPerformanceFinance,,finance,[],[],AVG(CASE WHEN {receipt_date} IS NOT NULL AND {receipt_date} <= {required_date} THEN 1.0 WHEN {receipt_date} IS NOT NULL AND {receipt_date} > {required_date} THEN 0.0 ELSE NULL END),,,,none,none,Delivery metrics for cost/penalty calculation,,,,,
387,DeliveryPerformanceOps:entity:semantic:canonical:none:none,manufacturing_graph_node/DeliveryPerformanceOps:entity:semantic:canonical:none:none,concept,semantic,canonical,,,,DeliveryPerformanceOps,,operations,[],[],AVG(CASE WHEN {receipt_date} IS NOT NULL AND {receipt_date} <= {required_date} THEN 1.0 WHEN {receipt_date} IS NOT NULL AND {receipt_date} > {required_date} THEN 0.0 ELSE NULL END),,,,none,none,Delivery metrics for operational planning,,,,,
388,DeliveryPerformanceSupplier:entity:semantic:canonical:none:none,manufacturing_graph_node/DeliveryPerformanceSupplier:entity:semantic:canonical:none:none,concept,semantic,canonical,,,,DeliveryPerformanceSupplier,,quality,[],[],AVG(CASE WHEN {receipt_date} IS NOT NULL AND {receipt_date} <= {required_date} THEN 1.0 WHEN {receipt_date} IS NOT NULL AND {receipt_date} > {required_date} THEN 0.0 ELSE NULL END),,,,none,none,Delivery metrics for supplier scorecard,,,,,
389,EconomicOrderQuantity:entity:semantic:canonical:none:none,manufacturing_graph_node/EconomicOrderQuantity:entity:semantic:canonical:none:none,concept,semantic,canonical,,,,EconomicOrderQuantity,,operations,"[""EOQ"", ""economic order qty"", ""optimal order quantity""]","[""mrp"", ""inventory"", ""ordering""]",,,,,none,none,Order quantity that minimizes combined ordering and holding cost (classic EOQ formula),,,,,
390,EquipmentStateCompliance:entity:semantic:canonical:none:none,manufacturing_graph_node/EquipmentStateCompliance:entity:semantic:canonical:none:none,concept,semantic,canonical,,,,EquipmentStateCompliance,,compliance,[],[],,,,,none,none,Equipment status for regulatory compliance,,,,,
391,EquipmentStateMaintenance:entity:semantic:canonical:none:none,manufacturing_graph_node/EquipmentStateMaintenance:entity:semantic:canonical:none:none,concept,semantic,canonical,,,,EquipmentStateMaintenance,,operations,[],[],,,,,none,none,Equipment status for maintenance planning,,,,,
392,EquipmentStateProduction:entity:semantic:canonical:none:none,manufacturing_graph_node/EquipmentStateProduction:entity:semantic:canonical:none:none,concept,semantic,canonical,,,,EquipmentStateProduction,,operations,[],[],,,,,none,none,Equipment status for production scheduling,,,,,
393,FailureSeverityCost:entity:semantic:canonical:none:none,manufacturing_graph_node/FailureSeverityCost:entity:semantic:canonical:none:none,concept,semantic,canonical,,,,FailureSeverityCost,,finance,[],[],,,,,none,none,Failure severity based on repair/replacement cost,,,,,
394,FailureSeverityProduction:entity:semantic:canonical:none:none,manufacturing_graph_node/FailureSeverityProduction:entity:semantic:canonical:none:none,concept,semantic,canonical,,,,FailureSeverityProduction,,operations,[],[],,,,,none,none,Failure severity based on production impact,,,,,
395,FailureSeveritySafety:entity:semantic:canonical:none:none,manufacturing_graph_node/FailureSeveritySafety:entity:semantic:canonical:none:none,concept,semantic,canonical,,,,FailureSeveritySafety,,compliance,[],[],,,,,none,none,Failure severity based on safety implications,,,,,
396,FinishedGoodsProductionFlow:entity:semantic:canonical:none:none,manufacturing_graph_node/FinishedGoodsProductionFlow:entity:semantic:canonical:none:none,concept,semantic,canonical,,,,FinishedGoodsProductionFlow,,finance,[],[],,,,,none,none,Finished goods produced over a period: FG_COMPLETION inflow into the Finished Goods bucket per part and job,,,,,
397,InventoryBucketBalance:entity:semantic:canonical:none:none,manufacturing_graph_node/InventoryBucketBalance:entity:semantic:canonical:none:none,concept,semantic,canonical,,,,InventoryBucketBalance,,finance,[],[],,,,,none,none,Signed running balance of a perpetual inventory bucket (Raw Materials / WIP / Finished Goods) from the gl_* sub-ledgers; the approved ledger_inventorybalance snippet is the authoritative derivation,,,,,
398,JobCostElement:entity:semantic:canonical:none:none,manufacturing_graph_node/JobCostElement:entity:semantic:canonical:none:none,concept,semantic,canonical,,,,JobCostElement,,finance,[],[],,,,,none,none,Cost element of a job-cost ledger line (labor / material / burden / service) rolled up per work order in gl_job_cost_detail,,,,,
399,LeadTime:entity:semantic:canonical:none:none,manufacturing_graph_node/LeadTime:entity:semantic:canonical:none:none,concept,semantic,canonical,,,,LeadTime,,operations,"[""replenishment lead time"", ""procurement lead time"", ""supplier lead time""]","[""mrp"", ""inventory"", ""planning""]",,,,,none,none,Elapsed time from placing a replenishment order to receiving the stock (in days),,,,,
400,LeadTimeDemand:entity:semantic:canonical:none:none,manufacturing_graph_node/LeadTimeDemand:entity:semantic:canonical:none:none,concept,semantic,canonical,,,,LeadTimeDemand,,operations,"[""demand during lead time"", ""DLT""]","[""mrp"", ""inventory"", ""demand""]",,,,,none,none,Expected demand for a part over its replenishment lead time (average daily demand x lead time),,,,,
401,LedgerPostingEventClass:entity:semantic:canonical:none:none,manufacturing_graph_node/LedgerPostingEventClass:entity:semantic:canonical:none:none,concept,semantic,canonical,,,,LedgerPostingEventClass,,finance,[],[],,,,,none,none,Kind of ledger posting event in the gl_events audit trail (RM_ISSUE / LABOR / BURDEN / FG_COMPLETION),,,,,
402,MaterialIssueFlow:entity:semantic:canonical:none:none,manufacturing_graph_node/MaterialIssueFlow:entity:semantic:canonical:none:none,concept,semantic,canonical,,,,MaterialIssueFlow,,finance,[],[],,,,,none,none,"Material issued to jobs over a period: RM_ISSUE outflow from the Raw Materials bucket, reported as positive issued value per part and job",,,,,
403,MaximumStockQuantity:entity:semantic:canonical:none:none,manufacturing_graph_node/MaximumStockQuantity:entity:semantic:canonical:none:none,concept,semantic,canonical,,,,MaximumStockQuantity,,operations,"[""max stock"", ""maximum level"", ""max""]","[""mrp"", ""inventory"", ""min-max""]",,,,,none,none,Highest stock level a part is replenished up to (max in a min/max policy),,,,,
404,MinimumStockQuantity:entity:semantic:canonical:none:none,manufacturing_graph_node/MinimumStockQuantity:entity:semantic:canonical:none:none,concept,semantic,canonical,,,,MinimumStockQuantity,,operations,"[""min stock"", ""minimum level"", ""min""]","[""mrp"", ""inventory"", ""min-max""]",,,,,none,none,Lowest stock level allowed before replenishment is required (min in a min/max policy),,,,,
405,NCMDispositionFinance:entity:semantic:canonical:none:none,manufacturing_graph_node/NCMDispositionFinance:entity:semantic:canonical:none:none,concept,semantic,canonical,,,,NCMDispositionFinance,,finance,[],[],,,,,none,none,NCM disposition from cost recovery standpoint,,,,,
406,NCMDispositionQuality:entity:semantic:canonical:none:none,manufacturing_graph_node/NCMDispositionQuality:entity:semantic:canonical:none:none,concept,semantic,canonical,,,,NCMDispositionQuality,,quality,[],[],,,,,none,none,NCM disposition from quality standpoint,,,,,
407,OEEOperational:entity:semantic:canonical:none:none,manufacturing_graph_node/OEEOperational:entity:semantic:canonical:none:none,concept,semantic,canonical,,,,OEEOperational,,operations,[],[],"SUM({act_run_hrs}) / NULLIF(SUM({run_hrs}), 0)",,,,none,none,OEE for shift/line performance tracking,,,,,
408,OEEStrategic:entity:semantic:canonical:none:none,manufacturing_graph_node/OEEStrategic:entity:semantic:canonical:none:none,concept,semantic,canonical,,,,OEEStrategic,,finance,[],[],"SUM({act_atl_lab_cost} + {act_atl_bur_cost}) / NULLIF(SUM({act_run_hrs}), 0)",,,,none,none,OEE for capital investment decisions,,,,,
409,OnHandQuantity:entity:semantic:canonical:none:none,manufacturing_graph_node/OnHandQuantity:entity:semantic:canonical:none:none,concept,semantic,canonical,,,,OnHandQuantity,,operations,"[""on hand"", ""QOH"", ""quantity on hand"", ""stock on hand""]","[""mrp"", ""inventory"", ""stock""]",,,,,none,none,Physical quantity of a part currently in stock (book inventory on hand),,,,,
410,OperationExecutionState:entity:semantic:canonical:none:none,manufacturing_graph_node/OperationExecutionState:entity:semantic:canonical:none:none,concept,semantic,canonical,,,,OperationExecutionState,,operations,[],[],,,,,none,none,Execution state of a routing operation (queued -> started -> complete),,,,,
411,OrderAccountingState:entity:semantic:canonical:none:none,manufacturing_graph_node/OrderAccountingState:entity:semantic:canonical:none:none,concept,semantic,canonical,,,,OrderAccountingState,,finance,[],[],,,,,none,none,Order status from revenue recognition perspective,,,,,
412,OrderCustomerState:entity:semantic:canonical:none:none,manufacturing_graph_node/OrderCustomerState:entity:semantic:canonical:none:none,concept,semantic,canonical,,,,OrderCustomerState,,customer,[],[],,,,,none,none,Order status as visible to customer,,,,,
413,OrderLifecycleState:entity:semantic:canonical:none:none,manufacturing_graph_node/OrderLifecycleState:entity:semantic:canonical:none:none,concept,semantic,canonical,,,,OrderLifecycleState,,operations,[],[],,,,,none,none,Order status representing lifecycle stage in fulfillment,,,,,
414,PartSourcingClass:entity:semantic:canonical:none:none,manufacturing_graph_node/PartSourcingClass:entity:semantic:canonical:none:none,concept,semantic,canonical,,,,PartSourcingClass,,operations,[],[],,,,,none,none,How a part is sourced: engineered/made vs bought vs raw vs hardware vs outside service (engineering make/buy intent),,,,,
415,PurchaseOrderLifecycleState:entity:semantic:canonical:none:none,manufacturing_graph_node/PurchaseOrderLifecycleState:entity:semantic:canonical:none:none,concept,semantic,canonical,,,,PurchaseOrderLifecycleState,,procurement,[],[],,,,,none,none,Lifecycle state of a purchase order (open -> approved -> received -> closed),,,,,
416,QuantityBasisEngineering:entity:semantic:canonical:none:none,manufacturing_graph_node/QuantityBasisEngineering:entity:semantic:canonical:none:none,concept,semantic,canonical,,,,QuantityBasisEngineering,,operations,[],[],,,,,none,none,"Quantity read through the engineering lens: a per-unit, as-designed requirement basis (engineering normalizes material needs to a single unit)",,,,,
417,QuantityBasisManufacturing:entity:semantic:canonical:none:none,manufacturing_graph_node/QuantityBasisManufacturing:entity:semantic:canonical:none:none,concept,semantic,canonical,,,,QuantityBasisManufacturing,,operations,[],[],,,,,none,none,Quantity read through the manufacturing lens: a production batch / lot size to build or fulfill (qty > 1),,,,,
418,ReceivingInspectionState:entity:semantic:canonical:none:none,manufacturing_graph_node/ReceivingInspectionState:entity:semantic:canonical:none:none,concept,semantic,canonical,,,,ReceivingInspectionState,,quality,[],[],,,,,none,none,Inspection disposition of a received shipment (pending -> pass / fail),,,,,
419,ReorderPoint:entity:semantic:canonical:none:none,manufacturing_graph_node/ReorderPoint:entity:semantic:canonical:none:none,concept,semantic,canonical,,,,ReorderPoint,,operations,"[""ROP"", ""reorder level"", ""order point""]","[""mrp"", ""inventory"", ""replenishment""]",,,,,none,none,Inventory level at which a replenishment order is triggered (lead-time demand + safety stock),,,,,
420,RequirementBasisEngineering:entity:semantic:canonical:none:none,manufacturing_graph_node/RequirementBasisEngineering:entity:semantic:canonical:none:none,concept,semantic,canonical,,,,RequirementBasisEngineering,,operations,[],[],,,,,none,none,Requirement read through the engineering lens: an as-designed routing standard on a PART component (per-unit basis); component_type='PART',,,,,
421,RequirementBasisManufacturing:entity:semantic:canonical:none:none,manufacturing_graph_node/RequirementBasisManufacturing:entity:semantic:canonical:none:none,concept,semantic,canonical,,,,RequirementBasisManufacturing,,operations,[],[],,,,,none,none,Requirement read through the manufacturing lens: as-built actuals on a WORK_ORDER component (batch basis); component_type='WORK_ORDER',,,,,
422,SafetyStock:entity:semantic:canonical:none:none,manufacturing_graph_node/SafetyStock:entity:semantic:canonical:none:none,concept,semantic,canonical,,,,SafetyStock,,operations,"[""buffer stock"", ""safety inventory""]","[""mrp"", ""inventory"", ""buffer""]",,,,,none,none,Buffer inventory held to absorb demand and lead-time variability and prevent stockouts,,,,,
423,StockMovementDirection:entity:semantic:canonical:none:none,manufacturing_graph_node/StockMovementDirection:entity:semantic:canonical:none:none,concept,semantic,canonical,,,,StockMovementDirection,,operations,[],[],,,,,none,none,Direction of an inventory transaction: stock receipt (in) vs issue (out),,,,,
424,ThreeWayMatchState:entity:semantic:canonical:none:none,manufacturing_graph_node/ThreeWayMatchState:entity:semantic:canonical:none:none,concept,semantic,canonical,,,,ThreeWayMatchState,,finance,[],[],,,,,none,none,PO/receipt/invoice three-way match status used to validate AP invoices,,,,,
425,WarehouseLocation:entity:semantic:canonical:none:none,manufacturing_graph_node/WarehouseLocation:entity:semantic:canonical:none:none,concept,semantic,canonical,,,,WarehouseLocation,,operations,[],[],,,,,none,none,Warehouse/site a stock move is distributed to (inventory traced by move),,,,,
426,WorkOrderLifecycleState:entity:semantic:canonical:none:none,manufacturing_graph_node/WorkOrderLifecycleState:entity:semantic:canonical:none:none,concept,semantic,canonical,,,,WorkOrderLifecycleState,,operations,[],[],,,,,none,none,Work order lifecycle stage on the shop floor (Open->Released->In Process->Complete->Closed),,,,,
427,inventory_allocated_20260703_000005:entity:manifest:Inventory_Transactions:none:none,manufacturing_graph_node/inventory_allocated_20260703_000005:entity:manifest:Inventory_Transactions:none:none,binding,manifest,Inventory_Transactions,,,,,,,,,,inventory_allocated_20260703_000005,ALLOCATEDQUANTITY,DIRECT,none,none,Allocated quantity per part: sum of open customer-order-line quantities committed against on-hand stock. Dataset derivation over customer_order_line — the approved snippet is the definition.,,,,,
428,inventory_atp_20260703_000004:entity:manifest:Inventory_Transactions:none:none,manufacturing_graph_node/inventory_atp_20260703_000004:entity:manifest:Inventory_Transactions:none:none,binding,manifest,Inventory_Transactions,,,,,,,,,,inventory_atp_20260703_000004,AVAILABLETOPROMISE,DIRECT,none,none,Available-to-promise quantity per part: on-hand stock minus total open customer-order commitments. Dataset derivation — no single column owns ATP; the approved snippet is the definition.,,,,,
429,inventory_eoq_20260703_000010:entity:manifest:Inventory_Transactions:none:none,manufacturing_graph_node/inventory_eoq_20260703_000010:entity:manifest:Inventory_Transactions:none:none,binding,manifest,Inventory_Transactions,,,,,,,,,,inventory_eoq_20260703_000010,ECONOMICORDERQUANTITY,DERIVED,none,none,EOQ proxy: average observed PO order quantity (po_line.quantity) reflects the historically settled replenishment lot size. Without D/S/H cost parameters in this schema the empirical PO quantity is the closest available proxy. Column anchor: po_line.quantity. Falls back to reorder_point when no PO history exists.,,,,,
430,inventory_leadtime_20260703_000003:entity:manifest:Inventory_Transactions:none:none,manufacturing_graph_node/inventory_leadtime_20260703_000003:entity:manifest:Inventory_Transactions:none:none,binding,manifest,Inventory_Transactions,,,,,,,,,,inventory_leadtime_20260703_000003,LEADTIME,DIRECT,none,none,"Lead time summary by part class (avg/min/max days, long-lead count) — MRP planning-horizon decision support query against the part table",,,,,
431,inventory_leadtimedemand_20260703_000007:entity:manifest:Inventory_Transactions:none:none,manufacturing_graph_node/inventory_leadtimedemand_20260703_000007:entity:manifest:Inventory_Transactions:none:none,binding,manifest,Inventory_Transactions,,,,,,,,,,inventory_leadtimedemand_20260703_000007,LEADTIMEDEMAND,DERIVED,none,none,Lead-time demand: average daily demand (customer_order_line) × part.lead_time_days. Column anchor: part.lead_time_days is the planning window factor. Dataset derivation — approved snippet is the authoritative definition.,,,,,
432,inventory_maximumstock_20260703_000009:entity:manifest:Inventory_Transactions:none:none,manufacturing_graph_node/inventory_maximumstock_20260703_000009:entity:manifest:Inventory_Transactions:none:none,binding,manifest,Inventory_Transactions,,,,,,,,,,inventory_maximumstock_20260703_000009,MAXIMUMSTOCKQUANTITY,DERIVED,none,none,Maximum stock quantity: reorder_point + average historical PO replenishment qty (po_line.quantity aggregated per part). Column anchor: po_line.quantity captures the observed replenishment lot size. Dataset derivation — approved snippet is the authoritative definition.,,,,,
433,inventory_minimumstock_20260703_000008:entity:manifest:Inventory_Transactions:none:none,manufacturing_graph_node/inventory_minimumstock_20260703_000008:entity:manifest:Inventory_Transactions:none:none,binding,manifest,Inventory_Transactions,,,,,,,,,,inventory_minimumstock_20260703_000008,MINIMUMSTOCKQUANTITY,DIRECT,none,none,Minimum stock quantity: part.reorder_point is the min level in a min/max replenishment policy. Direct column read with below/at/above status classification.,,,,,
434,inventory_onhandquantity_20260703_000002:entity:manifest:Inventory_Transactions:none:none,manufacturing_graph_node/inventory_onhandquantity_20260703_000002:entity:manifest:Inventory_Transactions:none:none,binding,manifest,Inventory_Transactions,,,,,,,,,,inventory_onhandquantity_20260703_000002,ONHANDQUANTITY,DIRECT,none,none,On-hand stock levels by part class with inventory value and reorder-point flag counts — primary stock-status query against the part table,,,,,
435,inventory_reorderpoint_20260703_000001:entity:manifest:Inventory_Transactions:none:none,manufacturing_graph_node/inventory_reorderpoint_20260703_000001:entity:manifest:Inventory_Transactions:none:none,binding,manifest,Inventory_Transactions,,,,,,,,,,inventory_reorderpoint_20260703_000001,REORDERPOINT,DIRECT,none,none,Parts at or below reorder point — replenishment trigger report against the part table reorder_point threshold; primary MRP replenishment planning query,,,,,
436,inventory_safetystock_20260703_000006:entity:manifest:Inventory_Transactions:none:none,manufacturing_graph_node/inventory_safetystock_20260703_000006:entity:manifest:Inventory_Transactions:none:none,binding,manifest,Inventory_Transactions,,,,,,,,,,inventory_safetystock_20260703_000006,SAFETYSTOCK,DERIVED,none,none,Safety stock proxy: reorder point minus estimated lead-time demand (avg daily demand from customer_order_line × lead_time_days). Column anchor: part.reorder_point encodes the safety buffer in this ERP (ROP = SS + LT demand). Dataset derivation — approved snippet is the authoritative definition.,,,,,
437,ledger_eventtrace_20260719_000003:entity:manifest:General_Ledger:none:none,manufacturing_graph_node/ledger_eventtrace_20260719_000003:entity:manifest:General_Ledger:none:none,binding,manifest,General_Ledger,,,,,,,,,,ledger_eventtrace_20260719_000003,GLEVENTTRACE,DIRECT,none,none,"Chronological audit trace of gl_events postings for a job, carrying the originating source document (table + row key); optional :job_id filter and :start_date/:end_date horizon guards.",,,,,
438,ledger_fgproduced_20260719_000005:entity:manifest:General_Ledger:none:none,manufacturing_graph_node/ledger_fgproduced_20260719_000005:entity:manifest:General_Ledger:none:none,binding,manifest,General_Ledger,,,,,,,,,,ledger_fgproduced_20260719_000005,GLFGPRODUCED,DIRECT,none,none,Finished goods produced over a period: FG_COMPLETION postings (signed positive into the FG bucket) per part and job; :start_date/:end_date horizon guards.,,,,,
439,ledger_inventorybalance_20260719_000001:entity:manifest:General_Ledger:none:none,manufacturing_graph_node/ledger_inventorybalance_20260719_000001:entity:manifest:General_Ledger:none:none,binding,manifest,General_Ledger,,,,,,,,,,ledger_inventorybalance_20260719_000001,GLINVENTORYBALANCE,DIRECT,none,none,"Signed running balance per perpetual inventory bucket (RM/WIP/FG) from the gl_* sub-ledgers; optional :as_of_date horizon guard. Single UNION ALL over the three bucket tables, no joins.",,,,,
440,ledger_jobcostsummary_20260719_000002:entity:manifest:General_Ledger:none:none,manufacturing_graph_node/ledger_jobcostsummary_20260719_000002:entity:manifest:General_Ledger:none:none,binding,manifest,General_Ledger,,,,,,,,,,ledger_jobcostsummary_20260719_000002,GLJOBCOSTSUMMARY,DIRECT,none,none,Job cost roll-up by work order and cost element (LABOR/MATERIAL/BURDEN/SERVICE) from gl_job_cost_detail; optional :job_id filter guard and :start_date/:end_date horizon guards.,,,,,
441,ledger_materialissued_20260719_000004:entity:manifest:General_Ledger:none:none,manufacturing_graph_node/ledger_materialissued_20260719_000004:entity:manifest:General_Ledger:none:none,binding,manifest,General_Ledger,,,,,,,,,,ledger_materialissued_20260719_000004,GLMATERIALISSUED,DIRECT,none,none,Material issued over a period: RM_ISSUE postings (signed negative out of the RM bucket) reported as positive issued value per part and job; :start_date/:end_date horizon guards.,,,,,
442,operations_deliveryperformanceops_20260604_000013:entity:manifest:Operations:none:none,manufacturing_graph_node/operations_deliveryperformanceops_20260604_000013:entity:manifest:Operations:none:none,binding,manifest,Operations,,,,,,,,,,operations_deliveryperformanceops_20260604_000013,DELIVERYPERFORMANCEOPS,DIRECT,none,none,Operations delivery performance: inbound on-time receipt rate per PO compared to required date — flags overdue open POs for expediting and tracks material delivery reliability,,,,,
443,operations_equipmentstatecompliance_20260604_000010:entity:manifest:Quality:none:none,manufacturing_graph_node/operations_equipmentstatecompliance_20260604_000010:entity:manifest:Quality:none:none,binding,manifest,Quality,,,,,,,,,,operations_equipmentstatecompliance_20260604_000010,EQUIPMENTSTATECOMPLIANCE,DIRECT,none,none,Compliance view: cert-required receipts with inspection and certificate status joined to shop resources — verifies cert-required material processed on each resource has a current certificate,,,,,
444,operations_equipmentstatemaintenance_20260604_000009:entity:manifest:Operations:none:none,manufacturing_graph_node/operations_equipmentstatemaintenance_20260604_000009:entity:manifest:Operations:none:none,binding,manifest,Operations,,,,,,,,,,operations_equipmentstatemaintenance_20260604_000009,EQUIPMENTSTATEMAINTENANCE,DIRECT,none,none,"Maintenance scheduling view: open-operation count, remaining run hours, and last close date per active shop resource — identifies resources due for PM or blocked by open operations",,,,,
445,operations_equipmentstateproduction_20260604_000011:entity:manifest:Manufacturing:none:none,manufacturing_graph_node/operations_equipmentstateproduction_20260604_000011:entity:manifest:Manufacturing:none:none,binding,manifest,Manufacturing,,,,,,,,,,operations_equipmentstateproduction_20260604_000011,EQUIPMENTSTATEPRODUCTION,DIRECT,none,none,"Production scheduling view: active shop resources with their current open work order operations, scheduled windows, and estimated cost — used by supervisors for machine loading and scheduling decisions",,,,,
446,operations_oeeoperational_20260604_000007:entity:manifest:Operations:none:none,manufacturing_graph_node/operations_oeeoperational_20260604_000007:entity:manifest:Operations:none:none,binding,manifest,Operations,,,,,,,,,,operations_oeeoperational_20260604_000007,OEEOPERATIONAL,DIRECT,none,none,"OEE operational proxy: actual vs. scheduled run hours per active shop resource, grouped by resource for shift-level line efficiency and throughput reporting",,,,,
447,operations_oeestrategic_20260604_000008:entity:manifest:Operations:none:none,manufacturing_graph_node/operations_oeestrategic_20260604_000008:entity:manifest:Operations:none:none,binding,manifest,Operations,,,,,,,,,,operations_oeestrategic_20260604_000008,OEESTRATEGIC,DIRECT,none,none,"OEE strategic proxy: cost efficiency and utilization aggregated by resource type for capital investment, capacity planning, and equipment replacement decisions",,,,,
448,operations_workordercostdetail_20260601_000004:entity:manifest:General_Ledger:none:none,manufacturing_graph_node/operations_workordercostdetail_20260601_000004:entity:manifest:General_Ledger:none:none,binding,manifest,General_Ledger,,,,,,,,,,operations_workordercostdetail_20260601_000004,ORDERLIFECYCLESTATE,DIRECT,none,none,"Per-work-order cost breakdown (labor, burden, outside service, material) for WIP valuation and job costing — joins against live work_order table",,,,,
449,operations_workorderstatus_20260601_000003:entity:manifest:Manufacturing:none:none,manufacturing_graph_node/operations_workorderstatus_20260601_000003:entity:manifest:Manufacturing:none:none,binding,manifest,Manufacturing,,,,,,,,,,operations_workorderstatus_20260601_000003,ORDERLIFECYCLESTATE,DIRECT,none,none,Work order status summary grouped by lifecycle state with quantity and cost rollup — primary production planning query against live work_order table,,,,,
450,payables_openpobysupp_20260601_000006:entity:manifest:Payables:none:none,manufacturing_graph_node/payables_openpobysupp_20260601_000006:entity:manifest:Payables:none:none,binding,manifest,Payables,,,,,,,,,,payables_openpobysupp_20260601_000006,DELIVERYPERFORMANCEFINANCE,DIRECT,none,none,Open PO spend aggregated by supplier with count and total value — payables aging and supplier spend analysis joining purchase_order to suppliers,,,,,
451,payables_ordersreceived_20260706_000001:entity:manifest:Payables:none:none,manufacturing_graph_node/payables_ordersreceived_20260706_000001:entity:manifest:Payables:none:none,binding,manifest,Payables,,,,,,,,,,payables_ordersreceived_20260706_000001,ORDERSRECEIVED,DIRECT,none,none,"Purchase orders fully received — every po_line has receipt coverage >= ordered quantity, computed line-by-line via receiving_line.po_line_id; core receiving-completion procurement view",,,,,
452,payables_ordersunreceived_20260706_000002:entity:manifest:Payables:none:none,manufacturing_graph_node/payables_ordersunreceived_20260706_000002:entity:manifest:Payables:none:none,binding,manifest,Payables,,,,,,,,,,payables_ordersunreceived_20260706_000002,ORDERSUNRECEIVED,DIRECT,none,none,"Purchase orders unreceived or short — at least one po_line not fully received, with unreceived vs short line counts and outstanding quantity; core expediting / open-order procurement view",,,,,
453,payables_partialreceiptaccrual_20260708_000004:entity:manifest:Payables:none:none,manufacturing_graph_node/payables_partialreceiptaccrual_20260708_000004:entity:manifest:Payables:none:none,binding,manifest,Payables,,,,,,,,,,payables_partialreceiptaccrual_20260708_000004,PARTIALRECEIPTACCRUAL,DIRECT,none,none,Partial-receipt accrual exposure (PO-line accrual): PO lines with received qty > 0 but < ordered qty whose received portion is not fully voucher-covered — open PRA exposure per the TWM accrual guides (docs/my-mrp-kb/07-three-way-match),,,,,
454,payables_purchaseorderstatus_20260601_000005:entity:manifest:Payables:none:none,manufacturing_graph_node/payables_purchaseorderstatus_20260601_000005:entity:manifest:Payables:none:none,binding,manifest,Payables,,,,,,,,,,payables_purchaseorderstatus_20260601_000005,ORDERACCOUNTINGSTATE,DIRECT,none,none,"Purchase order status list with supplier name, type, dates, and value — core AP dashboard query joining purchase_order to suppliers",,,,,
455,payables_threewaymatchcoverage_20260708_000005:entity:manifest:Payables:none:none,manufacturing_graph_node/payables_threewaymatchcoverage_20260708_000005:entity:manifest:Payables:none:none,binding,manifest,Payables,,,,,,,,,,payables_threewaymatchcoverage_20260708_000005,THREEWAYMATCHCOVERAGE,DIRECT,none,none,"Consolidated three-way-match coverage spine at receipt/voucher row grain: flat base-table joins only (no CTEs/derived tables), po_line->purchase_order INNER then all LEFT, covering Not Received / Received-Uninvoiced / Partially Invoiced / Matched / Over-Invoiced states; sibling exception views become filters over this spine",,,,,
456,payables_uninvoicedreceipts_20260706_000003:entity:manifest:Payables:none:none,manufacturing_graph_node/payables_uninvoicedreceipts_20260706_000003:entity:manifest:Payables:none:none,binding,manifest,Payables,,,,,,,,,,payables_uninvoicedreceipts_20260706_000003,UNINVOICEDRECEIPTS,DIRECT,none,none,Uninvoiced receipts exception report (three-way match): receipts with at least one receiving line whose non-cancelled payable coverage is below the received quantity or absent entirely — refactored from the private-repo ground truth '203 3WM Uninvoiced Receipts',,,,,
457,receivables_araging_20260724_000001:entity:manifest:Receivables:none:none,manufacturing_graph_node/receivables_araging_20260724_000001:entity:manifest:Receivables:none:none,binding,manifest,Receivables,,,,,,,,,,receivables_araging_20260724_000001,ARAGING,DIRECT,none,none,"AR aging report (Open + Disputed invoices only) bucketed by days past due_date — Current / 1-30 / 31-60 / >60 days — relative to a data-derived as-of date (MAX payment_date from Paid invoices). After collect_june2026_ar, all pre-July-2026 invoices are Paid and return zero rows here, confirming the cash-to-cash cycle closed correctly.",,,,,
458,receivables_cashreceipts_20260724_000002:entity:manifest:Receivables:none:none,manufacturing_graph_node/receivables_cashreceipts_20260724_000002:entity:manifest:Receivables:none:none,binding,manifest,Receivables,,,,,,,,,,receivables_cashreceipts_20260724_000002,ARCASHRECEIPTS,DIRECT,none,none,"Cash receipts by invoice — every receivable_payment installment joined to its invoice header with running cumulative-paid and remaining-balance, so partial collections are visible line by line. Answers 'what payments came in this month?' and 'show cash receipts against invoice X'.",,,,,
459,sales_ordercustomerstate_20260604_000012:entity:manifest:Customer:none:none,manufacturing_graph_node/sales_ordercustomerstate_20260604_000012:entity:manifest:Customer:none:none,binding,manifest,Customer,,,,,,,,,,sales_ordercustomerstate_20260604_000012,ORDERCUSTOMERSTATE,DIRECT,none,none,"Customer-facing work order delivery status: classifies each order as On Time, Late, Overdue, At Risk, or On Schedule against required delivery dates",,,,,
460,suppliers_outsideservicesuppliers_20260601_000002:entity:manifest:Work_Orders:none:none,manufacturing_graph_node/suppliers_outsideservicesuppliers_20260601_000002:entity:manifest:Work_Orders:none:none,binding,manifest,Work_Orders,,,,,,,,,,suppliers_outsideservicesuppliers_20260601_000002,DELIVERYPERFORMANCESUPPLIER,DIRECT,none,none,"Outside-service supplier list (NADCAP-certified vendors for heat treat, NDT, anodize, plating) — used when routing operations to outside vendors",,,,,
461,suppliers_supplierscorecard_20260601_000001:entity:manifest:Quality:none:none,manufacturing_graph_node/suppliers_supplierscorecard_20260601_000001:entity:manifest:Quality:none:none,binding,manifest,Quality,,,,,,,,,,suppliers_supplierscorecard_20260601_000001,DELIVERYPERFORMANCESUPPLIER,DIRECT,none,none,"Active supplier list with category, certification level, lead time, and performance rating — core supplier scorecard query against live suppliers table",,,,,
