ordinal,_key,_id,_from,_to,edge_family,edge_type,perspective,unique_id,references_table,references_column,weight,priority_weight,field_component,variable_name,origin,join_type
1,EMPLOYEE:employee_id:structural:system:has_column:SYS_HAS_EMP_EMP_001,manufacturing_graph_edge/EMPLOYEE:employee_id:structural:system:has_column:SYS_HAS_EMP_EMP_001,manufacturing_graph_node/EMPLOYEE:entity:structural:system:none:none,manufacturing_graph_node/EMPLOYEE:employee_id:structural:system:none:none,structural,has_column,system,SYS_HAS_EMP_EMP_001,,,,,,,,
2,EMPLOYEE:employee_name:structural:system:has_column:SYS_HAS_EMP_EMP_002,manufacturing_graph_edge/EMPLOYEE:employee_name:structural:system:has_column:SYS_HAS_EMP_EMP_002,manufacturing_graph_node/EMPLOYEE:entity:structural:system:none:none,manufacturing_graph_node/EMPLOYEE:employee_name:structural:system:none:none,structural,has_column,system,SYS_HAS_EMP_EMP_002,,,,,,,,
3,EMPLOYEE:job_title:structural:system:has_column:SYS_HAS_EMP_JOB_001,manufacturing_graph_edge/EMPLOYEE:job_title:structural:system:has_column:SYS_HAS_EMP_JOB_001,manufacturing_graph_node/EMPLOYEE:entity:structural:system:none:none,manufacturing_graph_node/EMPLOYEE:job_title:structural:system:none:none,structural,has_column,system,SYS_HAS_EMP_JOB_001,,,,,,,,
4,EMPLOYEE:department:structural:system:has_column:SYS_HAS_EMP_DEP_001,manufacturing_graph_edge/EMPLOYEE:department:structural:system:has_column:SYS_HAS_EMP_DEP_001,manufacturing_graph_node/EMPLOYEE:entity:structural:system:none:none,manufacturing_graph_node/EMPLOYEE:department:structural:system:none:none,structural,has_column,system,SYS_HAS_EMP_DEP_001,,,,,,,,
5,EMPLOYEE:hourly_rate:structural:system:has_column:SYS_HAS_EMP_HOU_001,manufacturing_graph_edge/EMPLOYEE:hourly_rate:structural:system:has_column:SYS_HAS_EMP_HOU_001,manufacturing_graph_node/EMPLOYEE:entity:structural:system:none:none,manufacturing_graph_node/EMPLOYEE:hourly_rate:structural:system:none:none,structural,has_column,system,SYS_HAS_EMP_HOU_001,,,,,,,,
6,EMPLOYEE:buyer_code:structural:system:has_column:SYS_HAS_EMP_BUY_001,manufacturing_graph_edge/EMPLOYEE:buyer_code:structural:system:has_column:SYS_HAS_EMP_BUY_001,manufacturing_graph_node/EMPLOYEE:entity:structural:system:none:none,manufacturing_graph_node/EMPLOYEE:buyer_code:structural:system:none:none,structural,has_column,system,SYS_HAS_EMP_BUY_001,,,,,,,,
7,EMPLOYEE:home_resource_id:structural:system:has_column:SYS_HAS_EMP_HOM_001,manufacturing_graph_edge/EMPLOYEE:home_resource_id:structural:system:has_column:SYS_HAS_EMP_HOM_001,manufacturing_graph_node/EMPLOYEE:entity:structural:system:none:none,manufacturing_graph_node/EMPLOYEE:home_resource_id:structural:system:none:none,structural,has_column,system,SYS_HAS_EMP_HOM_001,,,,,,,,
8,EMPLOYEE:hire_date:structural:system:has_column:SYS_HAS_EMP_HIR_001,manufacturing_graph_edge/EMPLOYEE:hire_date:structural:system:has_column:SYS_HAS_EMP_HIR_001,manufacturing_graph_node/EMPLOYEE:entity:structural:system:none:none,manufacturing_graph_node/EMPLOYEE:hire_date:structural:system:none:none,structural,has_column,system,SYS_HAS_EMP_HIR_001,,,,,,,,
9,EMPLOYEE:active:structural:system:has_column:SYS_HAS_EMP_ACT_001,manufacturing_graph_edge/EMPLOYEE:active:structural:system:has_column:SYS_HAS_EMP_ACT_001,manufacturing_graph_node/EMPLOYEE:entity:structural:system:none:none,manufacturing_graph_node/EMPLOYEE:active:structural:system:none:none,structural,has_column,system,SYS_HAS_EMP_ACT_001,,,,,,,,
10,EMPLOYEE:created_at:structural:system:has_column:SYS_HAS_EMP_CRE_001,manufacturing_graph_edge/EMPLOYEE:created_at:structural:system:has_column:SYS_HAS_EMP_CRE_001,manufacturing_graph_node/EMPLOYEE:entity:structural:system:none:none,manufacturing_graph_node/EMPLOYEE:created_at:structural:system:none:none,structural,has_column,system,SYS_HAS_EMP_CRE_001,,,,,,,,
11,certification:cert_id:structural:system:has_column:SYS_HAS_CER_CER_001,manufacturing_graph_edge/certification:cert_id:structural:system:has_column:SYS_HAS_CER_CER_001,manufacturing_graph_node/certification:entity:structural:system:none:none,manufacturing_graph_node/certification:cert_id:structural:system:none:none,structural,has_column,system,SYS_HAS_CER_CER_001,,,,,,,,
12,certification:receipt_id:structural:system:has_column:SYS_HAS_CER_REC_001,manufacturing_graph_edge/certification:receipt_id:structural:system:has_column:SYS_HAS_CER_REC_001,manufacturing_graph_node/certification:entity:structural:system:none:none,manufacturing_graph_node/certification:receipt_id:structural:system:none:none,structural,has_column,system,SYS_HAS_CER_REC_001,,,,,,,,
13,certification:part_id:structural:system:has_column:SYS_HAS_CER_PAR_001,manufacturing_graph_edge/certification:part_id:structural:system:has_column:SYS_HAS_CER_PAR_001,manufacturing_graph_node/certification:entity:structural:system:none:none,manufacturing_graph_node/certification:part_id:structural:system:none:none,structural,has_column,system,SYS_HAS_CER_PAR_001,,,,,,,,
14,certification:supplier_id:structural:system:has_column:SYS_HAS_CER_SUP_001,manufacturing_graph_edge/certification:supplier_id:structural:system:has_column:SYS_HAS_CER_SUP_001,manufacturing_graph_node/certification:entity:structural:system:none:none,manufacturing_graph_node/certification:supplier_id:structural:system:none:none,structural,has_column,system,SYS_HAS_CER_SUP_001,,,,,,,,
15,certification:cert_type:structural:system:has_column:SYS_HAS_CER_CER_002,manufacturing_graph_edge/certification:cert_type:structural:system:has_column:SYS_HAS_CER_CER_002,manufacturing_graph_node/certification:entity:structural:system:none:none,manufacturing_graph_node/certification:cert_type:structural:system:none:none,structural,has_column,system,SYS_HAS_CER_CER_002,,,,,,,,
16,certification:issued_date:structural:system:has_column:SYS_HAS_CER_ISS_001,manufacturing_graph_edge/certification:issued_date:structural:system:has_column:SYS_HAS_CER_ISS_001,manufacturing_graph_node/certification:entity:structural:system:none:none,manufacturing_graph_node/certification:issued_date:structural:system:none:none,structural,has_column,system,SYS_HAS_CER_ISS_001,,,,,,,,
17,certification:expiry_date:structural:system:has_column:SYS_HAS_CER_EXP_001,manufacturing_graph_edge/certification:expiry_date:structural:system:has_column:SYS_HAS_CER_EXP_001,manufacturing_graph_node/certification:entity:structural:system:none:none,manufacturing_graph_node/certification:expiry_date:structural:system:none:none,structural,has_column,system,SYS_HAS_CER_EXP_001,,,,,,,,
18,certification:status:structural:system:has_column:SYS_HAS_CER_STA_001,manufacturing_graph_edge/certification:status:structural:system:has_column:SYS_HAS_CER_STA_001,manufacturing_graph_node/certification:entity:structural:system:none:none,manufacturing_graph_node/certification:status:structural:system:none:none,structural,has_column,system,SYS_HAS_CER_STA_001,,,,,,,,
19,certification:created_at:structural:system:has_column:SYS_HAS_CER_CRE_001,manufacturing_graph_edge/certification:created_at:structural:system:has_column:SYS_HAS_CER_CRE_001,manufacturing_graph_node/certification:entity:structural:system:none:none,manufacturing_graph_node/certification:created_at:structural:system:none:none,structural,has_column,system,SYS_HAS_CER_CRE_001,,,,,,,,
20,customer_order:order_id:structural:system:has_column:SYS_HAS_CUS_ORD_002,manufacturing_graph_edge/customer_order:order_id:structural:system:has_column:SYS_HAS_CUS_ORD_002,manufacturing_graph_node/customer_order:entity:structural:system:none:none,manufacturing_graph_node/customer_order:order_id:structural:system:none:none,structural,has_column,system,SYS_HAS_CUS_ORD_002,,,,,,,,
21,customer_order:customer_name:structural:system:has_column:SYS_HAS_CUS_CUS_001,manufacturing_graph_edge/customer_order:customer_name:structural:system:has_column:SYS_HAS_CUS_CUS_001,manufacturing_graph_node/customer_order:entity:structural:system:none:none,manufacturing_graph_node/customer_order:customer_name:structural:system:none:none,structural,has_column,system,SYS_HAS_CUS_CUS_001,,,,,,,,
22,customer_order:order_date:structural:system:has_column:SYS_HAS_CUS_ORD_001,manufacturing_graph_edge/customer_order:order_date:structural:system:has_column:SYS_HAS_CUS_ORD_001,manufacturing_graph_node/customer_order:entity:structural:system:none:none,manufacturing_graph_node/customer_order:order_date:structural:system:none:none,structural,has_column,system,SYS_HAS_CUS_ORD_001,,,,,,,,
23,customer_order:site_id:structural:system:has_column:SYS_HAS_CUS_SIT_001,manufacturing_graph_edge/customer_order:site_id:structural:system:has_column:SYS_HAS_CUS_SIT_001,manufacturing_graph_node/customer_order:entity:structural:system:none:none,manufacturing_graph_node/customer_order:site_id:structural:system:none:none,structural,has_column,system,SYS_HAS_CUS_SIT_001,,,,,,,,
24,customer_order:status:structural:system:has_column:SYS_HAS_CUS_STA_001,manufacturing_graph_edge/customer_order:status:structural:system:has_column:SYS_HAS_CUS_STA_001,manufacturing_graph_node/customer_order:entity:structural:system:none:none,manufacturing_graph_node/customer_order:status:structural:system:none:none,structural,has_column,system,SYS_HAS_CUS_STA_001,,,,,,,,
25,customer_order:created_at:structural:system:has_column:SYS_HAS_CUS_CRE_001,manufacturing_graph_edge/customer_order:created_at:structural:system:has_column:SYS_HAS_CUS_CRE_001,manufacturing_graph_node/customer_order:entity:structural:system:none:none,manufacturing_graph_node/customer_order:created_at:structural:system:none:none,structural,has_column,system,SYS_HAS_CUS_CRE_001,,,,,,,,
26,customer_order:completed_date:structural:system:has_column:SYS_HAS_CUS_COM_001,manufacturing_graph_edge/customer_order:completed_date:structural:system:has_column:SYS_HAS_CUS_COM_001,manufacturing_graph_node/customer_order:entity:structural:system:none:none,manufacturing_graph_node/customer_order:completed_date:structural:system:none:none,structural,has_column,system,SYS_HAS_CUS_COM_001,,,,,,,,
27,customer_order_line:order_line_id:structural:system:has_column:SYS_HAS_CUS_ORD_004,manufacturing_graph_edge/customer_order_line:order_line_id:structural:system:has_column:SYS_HAS_CUS_ORD_004,manufacturing_graph_node/customer_order_line:entity:structural:system:none:none,manufacturing_graph_node/customer_order_line:order_line_id:structural:system:none:none,structural,has_column,system,SYS_HAS_CUS_ORD_004,,,,,,,,
28,customer_order_line:order_id:structural:system:has_column:SYS_HAS_CUS_ORD_003,manufacturing_graph_edge/customer_order_line:order_id:structural:system:has_column:SYS_HAS_CUS_ORD_003,manufacturing_graph_node/customer_order_line:entity:structural:system:none:none,manufacturing_graph_node/customer_order_line:order_id:structural:system:none:none,structural,has_column,system,SYS_HAS_CUS_ORD_003,,,,,,,,
29,customer_order_line:line_no:structural:system:has_column:SYS_HAS_CUS_LIN_001,manufacturing_graph_edge/customer_order_line:line_no:structural:system:has_column:SYS_HAS_CUS_LIN_001,manufacturing_graph_node/customer_order_line:entity:structural:system:none:none,manufacturing_graph_node/customer_order_line:line_no:structural:system:none:none,structural,has_column,system,SYS_HAS_CUS_LIN_001,,,,,,,,
30,customer_order_line:part_id:structural:system:has_column:SYS_HAS_CUS_PAR_001,manufacturing_graph_edge/customer_order_line:part_id:structural:system:has_column:SYS_HAS_CUS_PAR_001,manufacturing_graph_node/customer_order_line:entity:structural:system:none:none,manufacturing_graph_node/customer_order_line:part_id:structural:system:none:none,structural,has_column,system,SYS_HAS_CUS_PAR_001,,,,,,,,
31,customer_order_line:site_id:structural:system:has_column:SYS_HAS_CUS_SIT_002,manufacturing_graph_edge/customer_order_line:site_id:structural:system:has_column:SYS_HAS_CUS_SIT_002,manufacturing_graph_node/customer_order_line:entity:structural:system:none:none,manufacturing_graph_node/customer_order_line:site_id:structural:system:none:none,structural,has_column,system,SYS_HAS_CUS_SIT_002,,,,,,,,
32,customer_order_line:order_qty:structural:system:has_column:SYS_HAS_CUS_ORD_005,manufacturing_graph_edge/customer_order_line:order_qty:structural:system:has_column:SYS_HAS_CUS_ORD_005,manufacturing_graph_node/customer_order_line:entity:structural:system:none:none,manufacturing_graph_node/customer_order_line:order_qty:structural:system:none:none,structural,has_column,system,SYS_HAS_CUS_ORD_005,,,,,,,,
33,customer_order_line:unit_price:structural:system:has_column:SYS_HAS_CUS_UNI_001,manufacturing_graph_edge/customer_order_line:unit_price:structural:system:has_column:SYS_HAS_CUS_UNI_001,manufacturing_graph_node/customer_order_line:entity:structural:system:none:none,manufacturing_graph_node/customer_order_line:unit_price:structural:system:none:none,structural,has_column,system,SYS_HAS_CUS_UNI_001,,,,,,,,
34,customer_order_line:need_by_date:structural:system:has_column:SYS_HAS_CUS_NEE_001,manufacturing_graph_edge/customer_order_line:need_by_date:structural:system:has_column:SYS_HAS_CUS_NEE_001,manufacturing_graph_node/customer_order_line:entity:structural:system:none:none,manufacturing_graph_node/customer_order_line:need_by_date:structural:system:none:none,structural,has_column,system,SYS_HAS_CUS_NEE_001,,,,,,,,
35,customer_order_line:desired_release_date:structural:system:has_column:SYS_HAS_CUS_DES_001,manufacturing_graph_edge/customer_order_line:desired_release_date:structural:system:has_column:SYS_HAS_CUS_DES_001,manufacturing_graph_node/customer_order_line:entity:structural:system:none:none,manufacturing_graph_node/customer_order_line:desired_release_date:structural:system:none:none,structural,has_column,system,SYS_HAS_CUS_DES_001,,,,,,,,
36,customer_order_line:created_at:structural:system:has_column:SYS_HAS_CUS_CRE_002,manufacturing_graph_edge/customer_order_line:created_at:structural:system:has_column:SYS_HAS_CUS_CRE_002,manufacturing_graph_node/customer_order_line:entity:structural:system:none:none,manufacturing_graph_node/customer_order_line:created_at:structural:system:none:none,structural,has_column,system,SYS_HAS_CUS_CRE_002,,,,,,,,
37,customer_order_line:shipped_qty:structural:system:has_column:SYS_HAS_CUS_SHI_002,manufacturing_graph_edge/customer_order_line:shipped_qty:structural:system:has_column:SYS_HAS_CUS_SHI_002,manufacturing_graph_node/customer_order_line:entity:structural:system:none:none,manufacturing_graph_node/customer_order_line:shipped_qty:structural:system:none:none,structural,has_column,system,SYS_HAS_CUS_SHI_002,,,,,,,,
38,customer_order_line:shipped_date:structural:system:has_column:SYS_HAS_CUS_SHI_001,manufacturing_graph_edge/customer_order_line:shipped_date:structural:system:has_column:SYS_HAS_CUS_SHI_001,manufacturing_graph_node/customer_order_line:entity:structural:system:none:none,manufacturing_graph_node/customer_order_line:shipped_date:structural:system:none:none,structural,has_column,system,SYS_HAS_CUS_SHI_001,,,,,,,,
39,gl_events:event_id:structural:system:has_column:SYS_HAS_GLE_EVE_002,manufacturing_graph_edge/gl_events:event_id:structural:system:has_column:SYS_HAS_GLE_EVE_002,manufacturing_graph_node/gl_events:entity:structural:system:none:none,manufacturing_graph_node/gl_events:event_id:structural:system:none:none,structural,has_column,system,SYS_HAS_GLE_EVE_002,,,,,,,,
40,gl_events:job_id:structural:system:has_column:SYS_HAS_GLE_JOB_001,manufacturing_graph_edge/gl_events:job_id:structural:system:has_column:SYS_HAS_GLE_JOB_001,manufacturing_graph_node/gl_events:entity:structural:system:none:none,manufacturing_graph_node/gl_events:job_id:structural:system:none:none,structural,has_column,system,SYS_HAS_GLE_JOB_001,,,,,,,,
41,gl_events:event_type:structural:system:has_column:SYS_HAS_GLE_EVE_003,manufacturing_graph_edge/gl_events:event_type:structural:system:has_column:SYS_HAS_GLE_EVE_003,manufacturing_graph_node/gl_events:entity:structural:system:none:none,manufacturing_graph_node/gl_events:event_type:structural:system:none:none,structural,has_column,system,SYS_HAS_GLE_EVE_003,,,,,,,,
42,gl_events:amount:structural:system:has_column:SYS_HAS_GLE_AMO_001,manufacturing_graph_edge/gl_events:amount:structural:system:has_column:SYS_HAS_GLE_AMO_001,manufacturing_graph_node/gl_events:entity:structural:system:none:none,manufacturing_graph_node/gl_events:amount:structural:system:none:none,structural,has_column,system,SYS_HAS_GLE_AMO_001,,,,,,,,
43,gl_events:event_date:structural:system:has_column:SYS_HAS_GLE_EVE_001,manufacturing_graph_edge/gl_events:event_date:structural:system:has_column:SYS_HAS_GLE_EVE_001,manufacturing_graph_node/gl_events:entity:structural:system:none:none,manufacturing_graph_node/gl_events:event_date:structural:system:none:none,structural,has_column,system,SYS_HAS_GLE_EVE_001,,,,,,,,
44,gl_events:source_table:structural:system:has_column:SYS_HAS_GLE_SOU_002,manufacturing_graph_edge/gl_events:source_table:structural:system:has_column:SYS_HAS_GLE_SOU_002,manufacturing_graph_node/gl_events:entity:structural:system:none:none,manufacturing_graph_node/gl_events:source_table:structural:system:none:none,structural,has_column,system,SYS_HAS_GLE_SOU_002,,,,,,,,
45,gl_events:source_id:structural:system:has_column:SYS_HAS_GLE_SOU_001,manufacturing_graph_edge/gl_events:source_id:structural:system:has_column:SYS_HAS_GLE_SOU_001,manufacturing_graph_node/gl_events:entity:structural:system:none:none,manufacturing_graph_node/gl_events:source_id:structural:system:none:none,structural,has_column,system,SYS_HAS_GLE_SOU_001,,,,,,,,
46,gl_finished_goods_inventory:line_id:structural:system:has_column:SYS_HAS_GLF_LIN_001,manufacturing_graph_edge/gl_finished_goods_inventory:line_id:structural:system:has_column:SYS_HAS_GLF_LIN_001,manufacturing_graph_node/gl_finished_goods_inventory:entity:structural:system:none:none,manufacturing_graph_node/gl_finished_goods_inventory:line_id:structural:system:none:none,structural,has_column,system,SYS_HAS_GLF_LIN_001,,,,,,,,
47,gl_finished_goods_inventory:event_id:structural:system:has_column:SYS_HAS_GLF_EVE_002,manufacturing_graph_edge/gl_finished_goods_inventory:event_id:structural:system:has_column:SYS_HAS_GLF_EVE_002,manufacturing_graph_node/gl_finished_goods_inventory:entity:structural:system:none:none,manufacturing_graph_node/gl_finished_goods_inventory:event_id:structural:system:none:none,structural,has_column,system,SYS_HAS_GLF_EVE_002,,,,,,,,
48,gl_finished_goods_inventory:job_id:structural:system:has_column:SYS_HAS_GLF_JOB_001,manufacturing_graph_edge/gl_finished_goods_inventory:job_id:structural:system:has_column:SYS_HAS_GLF_JOB_001,manufacturing_graph_node/gl_finished_goods_inventory:entity:structural:system:none:none,manufacturing_graph_node/gl_finished_goods_inventory:job_id:structural:system:none:none,structural,has_column,system,SYS_HAS_GLF_JOB_001,,,,,,,,
49,gl_finished_goods_inventory:part_id:structural:system:has_column:SYS_HAS_GLF_PAR_001,manufacturing_graph_edge/gl_finished_goods_inventory:part_id:structural:system:has_column:SYS_HAS_GLF_PAR_001,manufacturing_graph_node/gl_finished_goods_inventory:entity:structural:system:none:none,manufacturing_graph_node/gl_finished_goods_inventory:part_id:structural:system:none:none,structural,has_column,system,SYS_HAS_GLF_PAR_001,,,,,,,,
50,gl_finished_goods_inventory:amount:structural:system:has_column:SYS_HAS_GLF_AMO_001,manufacturing_graph_edge/gl_finished_goods_inventory:amount:structural:system:has_column:SYS_HAS_GLF_AMO_001,manufacturing_graph_node/gl_finished_goods_inventory:entity:structural:system:none:none,manufacturing_graph_node/gl_finished_goods_inventory:amount:structural:system:none:none,structural,has_column,system,SYS_HAS_GLF_AMO_001,,,,,,,,
51,gl_finished_goods_inventory:event_type:structural:system:has_column:SYS_HAS_GLF_EVE_003,manufacturing_graph_edge/gl_finished_goods_inventory:event_type:structural:system:has_column:SYS_HAS_GLF_EVE_003,manufacturing_graph_node/gl_finished_goods_inventory:entity:structural:system:none:none,manufacturing_graph_node/gl_finished_goods_inventory:event_type:structural:system:none:none,structural,has_column,system,SYS_HAS_GLF_EVE_003,,,,,,,,
52,gl_finished_goods_inventory:event_date:structural:system:has_column:SYS_HAS_GLF_EVE_001,manufacturing_graph_edge/gl_finished_goods_inventory:event_date:structural:system:has_column:SYS_HAS_GLF_EVE_001,manufacturing_graph_node/gl_finished_goods_inventory:entity:structural:system:none:none,manufacturing_graph_node/gl_finished_goods_inventory:event_date:structural:system:none:none,structural,has_column,system,SYS_HAS_GLF_EVE_001,,,,,,,,
53,gl_job_cost_detail:line_id:structural:system:has_column:SYS_HAS_GLJ_LIN_001,manufacturing_graph_edge/gl_job_cost_detail:line_id:structural:system:has_column:SYS_HAS_GLJ_LIN_001,manufacturing_graph_node/gl_job_cost_detail:entity:structural:system:none:none,manufacturing_graph_node/gl_job_cost_detail:line_id:structural:system:none:none,structural,has_column,system,SYS_HAS_GLJ_LIN_001,,,,,,,,
54,gl_job_cost_detail:event_id:structural:system:has_column:SYS_HAS_GLJ_EVE_002,manufacturing_graph_edge/gl_job_cost_detail:event_id:structural:system:has_column:SYS_HAS_GLJ_EVE_002,manufacturing_graph_node/gl_job_cost_detail:entity:structural:system:none:none,manufacturing_graph_node/gl_job_cost_detail:event_id:structural:system:none:none,structural,has_column,system,SYS_HAS_GLJ_EVE_002,,,,,,,,
55,gl_job_cost_detail:job_id:structural:system:has_column:SYS_HAS_GLJ_JOB_001,manufacturing_graph_edge/gl_job_cost_detail:job_id:structural:system:has_column:SYS_HAS_GLJ_JOB_001,manufacturing_graph_node/gl_job_cost_detail:entity:structural:system:none:none,manufacturing_graph_node/gl_job_cost_detail:job_id:structural:system:none:none,structural,has_column,system,SYS_HAS_GLJ_JOB_001,,,,,,,,
56,gl_job_cost_detail:amount:structural:system:has_column:SYS_HAS_GLJ_AMO_001,manufacturing_graph_edge/gl_job_cost_detail:amount:structural:system:has_column:SYS_HAS_GLJ_AMO_001,manufacturing_graph_node/gl_job_cost_detail:entity:structural:system:none:none,manufacturing_graph_node/gl_job_cost_detail:amount:structural:system:none:none,structural,has_column,system,SYS_HAS_GLJ_AMO_001,,,,,,,,
57,gl_job_cost_detail:event_type:structural:system:has_column:SYS_HAS_GLJ_EVE_003,manufacturing_graph_edge/gl_job_cost_detail:event_type:structural:system:has_column:SYS_HAS_GLJ_EVE_003,manufacturing_graph_node/gl_job_cost_detail:entity:structural:system:none:none,manufacturing_graph_node/gl_job_cost_detail:event_type:structural:system:none:none,structural,has_column,system,SYS_HAS_GLJ_EVE_003,,,,,,,,
58,gl_job_cost_detail:event_date:structural:system:has_column:SYS_HAS_GLJ_EVE_001,manufacturing_graph_edge/gl_job_cost_detail:event_date:structural:system:has_column:SYS_HAS_GLJ_EVE_001,manufacturing_graph_node/gl_job_cost_detail:entity:structural:system:none:none,manufacturing_graph_node/gl_job_cost_detail:event_date:structural:system:none:none,structural,has_column,system,SYS_HAS_GLJ_EVE_001,,,,,,,,
59,gl_raw_materials_inventory:line_id:structural:system:has_column:SYS_HAS_GLR_LIN_001,manufacturing_graph_edge/gl_raw_materials_inventory:line_id:structural:system:has_column:SYS_HAS_GLR_LIN_001,manufacturing_graph_node/gl_raw_materials_inventory:entity:structural:system:none:none,manufacturing_graph_node/gl_raw_materials_inventory:line_id:structural:system:none:none,structural,has_column,system,SYS_HAS_GLR_LIN_001,,,,,,,,
60,gl_raw_materials_inventory:event_id:structural:system:has_column:SYS_HAS_GLR_EVE_002,manufacturing_graph_edge/gl_raw_materials_inventory:event_id:structural:system:has_column:SYS_HAS_GLR_EVE_002,manufacturing_graph_node/gl_raw_materials_inventory:entity:structural:system:none:none,manufacturing_graph_node/gl_raw_materials_inventory:event_id:structural:system:none:none,structural,has_column,system,SYS_HAS_GLR_EVE_002,,,,,,,,
61,gl_raw_materials_inventory:job_id:structural:system:has_column:SYS_HAS_GLR_JOB_001,manufacturing_graph_edge/gl_raw_materials_inventory:job_id:structural:system:has_column:SYS_HAS_GLR_JOB_001,manufacturing_graph_node/gl_raw_materials_inventory:entity:structural:system:none:none,manufacturing_graph_node/gl_raw_materials_inventory:job_id:structural:system:none:none,structural,has_column,system,SYS_HAS_GLR_JOB_001,,,,,,,,
62,gl_raw_materials_inventory:part_id:structural:system:has_column:SYS_HAS_GLR_PAR_001,manufacturing_graph_edge/gl_raw_materials_inventory:part_id:structural:system:has_column:SYS_HAS_GLR_PAR_001,manufacturing_graph_node/gl_raw_materials_inventory:entity:structural:system:none:none,manufacturing_graph_node/gl_raw_materials_inventory:part_id:structural:system:none:none,structural,has_column,system,SYS_HAS_GLR_PAR_001,,,,,,,,
63,gl_raw_materials_inventory:amount:structural:system:has_column:SYS_HAS_GLR_AMO_001,manufacturing_graph_edge/gl_raw_materials_inventory:amount:structural:system:has_column:SYS_HAS_GLR_AMO_001,manufacturing_graph_node/gl_raw_materials_inventory:entity:structural:system:none:none,manufacturing_graph_node/gl_raw_materials_inventory:amount:structural:system:none:none,structural,has_column,system,SYS_HAS_GLR_AMO_001,,,,,,,,
64,gl_raw_materials_inventory:event_type:structural:system:has_column:SYS_HAS_GLR_EVE_003,manufacturing_graph_edge/gl_raw_materials_inventory:event_type:structural:system:has_column:SYS_HAS_GLR_EVE_003,manufacturing_graph_node/gl_raw_materials_inventory:entity:structural:system:none:none,manufacturing_graph_node/gl_raw_materials_inventory:event_type:structural:system:none:none,structural,has_column,system,SYS_HAS_GLR_EVE_003,,,,,,,,
65,gl_raw_materials_inventory:event_date:structural:system:has_column:SYS_HAS_GLR_EVE_001,manufacturing_graph_edge/gl_raw_materials_inventory:event_date:structural:system:has_column:SYS_HAS_GLR_EVE_001,manufacturing_graph_node/gl_raw_materials_inventory:entity:structural:system:none:none,manufacturing_graph_node/gl_raw_materials_inventory:event_date:structural:system:none:none,structural,has_column,system,SYS_HAS_GLR_EVE_001,,,,,,,,
66,gl_wip_inventory:line_id:structural:system:has_column:SYS_HAS_GLW_LIN_001,manufacturing_graph_edge/gl_wip_inventory:line_id:structural:system:has_column:SYS_HAS_GLW_LIN_001,manufacturing_graph_node/gl_wip_inventory:entity:structural:system:none:none,manufacturing_graph_node/gl_wip_inventory:line_id:structural:system:none:none,structural,has_column,system,SYS_HAS_GLW_LIN_001,,,,,,,,
67,gl_wip_inventory:event_id:structural:system:has_column:SYS_HAS_GLW_EVE_002,manufacturing_graph_edge/gl_wip_inventory:event_id:structural:system:has_column:SYS_HAS_GLW_EVE_002,manufacturing_graph_node/gl_wip_inventory:entity:structural:system:none:none,manufacturing_graph_node/gl_wip_inventory:event_id:structural:system:none:none,structural,has_column,system,SYS_HAS_GLW_EVE_002,,,,,,,,
68,gl_wip_inventory:job_id:structural:system:has_column:SYS_HAS_GLW_JOB_001,manufacturing_graph_edge/gl_wip_inventory:job_id:structural:system:has_column:SYS_HAS_GLW_JOB_001,manufacturing_graph_node/gl_wip_inventory:entity:structural:system:none:none,manufacturing_graph_node/gl_wip_inventory:job_id:structural:system:none:none,structural,has_column,system,SYS_HAS_GLW_JOB_001,,,,,,,,
69,gl_wip_inventory:part_id:structural:system:has_column:SYS_HAS_GLW_PAR_001,manufacturing_graph_edge/gl_wip_inventory:part_id:structural:system:has_column:SYS_HAS_GLW_PAR_001,manufacturing_graph_node/gl_wip_inventory:entity:structural:system:none:none,manufacturing_graph_node/gl_wip_inventory:part_id:structural:system:none:none,structural,has_column,system,SYS_HAS_GLW_PAR_001,,,,,,,,
70,gl_wip_inventory:amount:structural:system:has_column:SYS_HAS_GLW_AMO_001,manufacturing_graph_edge/gl_wip_inventory:amount:structural:system:has_column:SYS_HAS_GLW_AMO_001,manufacturing_graph_node/gl_wip_inventory:entity:structural:system:none:none,manufacturing_graph_node/gl_wip_inventory:amount:structural:system:none:none,structural,has_column,system,SYS_HAS_GLW_AMO_001,,,,,,,,
71,gl_wip_inventory:event_type:structural:system:has_column:SYS_HAS_GLW_EVE_003,manufacturing_graph_edge/gl_wip_inventory:event_type:structural:system:has_column:SYS_HAS_GLW_EVE_003,manufacturing_graph_node/gl_wip_inventory:entity:structural:system:none:none,manufacturing_graph_node/gl_wip_inventory:event_type:structural:system:none:none,structural,has_column,system,SYS_HAS_GLW_EVE_003,,,,,,,,
72,gl_wip_inventory:event_date:structural:system:has_column:SYS_HAS_GLW_EVE_001,manufacturing_graph_edge/gl_wip_inventory:event_date:structural:system:has_column:SYS_HAS_GLW_EVE_001,manufacturing_graph_node/gl_wip_inventory:entity:structural:system:none:none,manufacturing_graph_node/gl_wip_inventory:event_date:structural:system:none:none,structural,has_column,system,SYS_HAS_GLW_EVE_001,,,,,,,,
73,inv_trans_dist:dist_id:structural:system:has_column:SYS_HAS_INV_DIS_001,manufacturing_graph_edge/inv_trans_dist:dist_id:structural:system:has_column:SYS_HAS_INV_DIS_001,manufacturing_graph_node/inv_trans_dist:entity:structural:system:none:none,manufacturing_graph_node/inv_trans_dist:dist_id:structural:system:none:none,structural,has_column,system,SYS_HAS_INV_DIS_001,,,,,,,,
74,inv_trans_dist:in_trans_id:structural:system:has_column:SYS_HAS_INV_INT_001,manufacturing_graph_edge/inv_trans_dist:in_trans_id:structural:system:has_column:SYS_HAS_INV_INT_001,manufacturing_graph_node/inv_trans_dist:entity:structural:system:none:none,manufacturing_graph_node/inv_trans_dist:in_trans_id:structural:system:none:none,structural,has_column,system,SYS_HAS_INV_INT_001,,,,,,,,
75,inv_trans_dist:out_trans_id:structural:system:has_column:SYS_HAS_INV_OUT_001,manufacturing_graph_edge/inv_trans_dist:out_trans_id:structural:system:has_column:SYS_HAS_INV_OUT_001,manufacturing_graph_node/inv_trans_dist:entity:structural:system:none:none,manufacturing_graph_node/inv_trans_dist:out_trans_id:structural:system:none:none,structural,has_column,system,SYS_HAS_INV_OUT_001,,,,,,,,
76,inv_trans_dist:dist_qty:structural:system:has_column:SYS_HAS_INV_DIS_002,manufacturing_graph_edge/inv_trans_dist:dist_qty:structural:system:has_column:SYS_HAS_INV_DIS_002,manufacturing_graph_node/inv_trans_dist:entity:structural:system:none:none,manufacturing_graph_node/inv_trans_dist:dist_qty:structural:system:none:none,structural,has_column,system,SYS_HAS_INV_DIS_002,,,,,,,,
77,inv_trans_dist:created_at:structural:system:has_column:SYS_HAS_INV_CRE_001,manufacturing_graph_edge/inv_trans_dist:created_at:structural:system:has_column:SYS_HAS_INV_CRE_001,manufacturing_graph_node/inv_trans_dist:entity:structural:system:none:none,manufacturing_graph_node/inv_trans_dist:created_at:structural:system:none:none,structural,has_column,system,SYS_HAS_INV_CRE_001,,,,,,,,
78,inventory_transaction:transaction_id:structural:system:has_column:SYS_HAS_INV_TRA_002,manufacturing_graph_edge/inventory_transaction:transaction_id:structural:system:has_column:SYS_HAS_INV_TRA_002,manufacturing_graph_node/inventory_transaction:entity:structural:system:none:none,manufacturing_graph_node/inventory_transaction:transaction_id:structural:system:none:none,structural,has_column,system,SYS_HAS_INV_TRA_002,,,,,,,,
79,inventory_transaction:class:structural:system:has_column:SYS_HAS_INV_CLA_001,manufacturing_graph_edge/inventory_transaction:class:structural:system:has_column:SYS_HAS_INV_CLA_001,manufacturing_graph_node/inventory_transaction:entity:structural:system:none:none,manufacturing_graph_node/inventory_transaction:class:structural:system:none:none,structural,has_column,system,SYS_HAS_INV_CLA_001,,,,,,,,
80,inventory_transaction:type:structural:system:has_column:SYS_HAS_INV_TYP_001,manufacturing_graph_edge/inventory_transaction:type:structural:system:has_column:SYS_HAS_INV_TYP_001,manufacturing_graph_node/inventory_transaction:entity:structural:system:none:none,manufacturing_graph_node/inventory_transaction:type:structural:system:none:none,structural,has_column,system,SYS_HAS_INV_TYP_001,,,,,,,,
81,inventory_transaction:part_id:structural:system:has_column:SYS_HAS_INV_PAR_001,manufacturing_graph_edge/inventory_transaction:part_id:structural:system:has_column:SYS_HAS_INV_PAR_001,manufacturing_graph_node/inventory_transaction:entity:structural:system:none:none,manufacturing_graph_node/inventory_transaction:part_id:structural:system:none:none,structural,has_column,system,SYS_HAS_INV_PAR_001,,,,,,,,
82,inventory_transaction:wo_id:structural:system:has_column:SYS_HAS_INV_WOI_001,manufacturing_graph_edge/inventory_transaction:wo_id:structural:system:has_column:SYS_HAS_INV_WOI_001,manufacturing_graph_node/inventory_transaction:entity:structural:system:none:none,manufacturing_graph_node/inventory_transaction:wo_id:structural:system:none:none,structural,has_column,system,SYS_HAS_INV_WOI_001,,,,,,,,
83,inventory_transaction:po_id:structural:system:has_column:SYS_HAS_INV_POI_001,manufacturing_graph_edge/inventory_transaction:po_id:structural:system:has_column:SYS_HAS_INV_POI_001,manufacturing_graph_node/inventory_transaction:entity:structural:system:none:none,manufacturing_graph_node/inventory_transaction:po_id:structural:system:none:none,structural,has_column,system,SYS_HAS_INV_POI_001,,,,,,,,
84,inventory_transaction:site_id:structural:system:has_column:SYS_HAS_INV_SIT_001,manufacturing_graph_edge/inventory_transaction:site_id:structural:system:has_column:SYS_HAS_INV_SIT_001,manufacturing_graph_node/inventory_transaction:entity:structural:system:none:none,manufacturing_graph_node/inventory_transaction:site_id:structural:system:none:none,structural,has_column,system,SYS_HAS_INV_SIT_001,,,,,,,,
85,inventory_transaction:quantity:structural:system:has_column:SYS_HAS_INV_QUA_001,manufacturing_graph_edge/inventory_transaction:quantity:structural:system:has_column:SYS_HAS_INV_QUA_001,manufacturing_graph_node/inventory_transaction:entity:structural:system:none:none,manufacturing_graph_node/inventory_transaction:quantity:structural:system:none:none,structural,has_column,system,SYS_HAS_INV_QUA_001,,,,,,,,
86,inventory_transaction:trans_date:structural:system:has_column:SYS_HAS_INV_TRA_001,manufacturing_graph_edge/inventory_transaction:trans_date:structural:system:has_column:SYS_HAS_INV_TRA_001,manufacturing_graph_node/inventory_transaction:entity:structural:system:none:none,manufacturing_graph_node/inventory_transaction:trans_date:structural:system:none:none,structural,has_column,system,SYS_HAS_INV_TRA_001,,,,,,,,
87,inventory_transaction:created_at:structural:system:has_column:SYS_HAS_INV_CRE_002,manufacturing_graph_edge/inventory_transaction:created_at:structural:system:has_column:SYS_HAS_INV_CRE_002,manufacturing_graph_node/inventory_transaction:entity:structural:system:none:none,manufacturing_graph_node/inventory_transaction:created_at:structural:system:none:none,structural,has_column,system,SYS_HAS_INV_CRE_002,,,,,,,,
88,labor_ticket:ticket_id:structural:system:has_column:SYS_HAS_LAB_TIC_001,manufacturing_graph_edge/labor_ticket:ticket_id:structural:system:has_column:SYS_HAS_LAB_TIC_001,manufacturing_graph_node/labor_ticket:entity:structural:system:none:none,manufacturing_graph_node/labor_ticket:ticket_id:structural:system:none:none,structural,has_column,system,SYS_HAS_LAB_TIC_001,,,,,,,,
89,labor_ticket:wo_id:structural:system:has_column:SYS_HAS_LAB_WOI_001,manufacturing_graph_edge/labor_ticket:wo_id:structural:system:has_column:SYS_HAS_LAB_WOI_001,manufacturing_graph_node/labor_ticket:entity:structural:system:none:none,manufacturing_graph_node/labor_ticket:wo_id:structural:system:none:none,structural,has_column,system,SYS_HAS_LAB_WOI_001,,,,,,,,
90,labor_ticket:sequence_no:structural:system:has_column:SYS_HAS_LAB_SEQ_001,manufacturing_graph_edge/labor_ticket:sequence_no:structural:system:has_column:SYS_HAS_LAB_SEQ_001,manufacturing_graph_node/labor_ticket:entity:structural:system:none:none,manufacturing_graph_node/labor_ticket:sequence_no:structural:system:none:none,structural,has_column,system,SYS_HAS_LAB_SEQ_001,,,,,,,,
91,labor_ticket:employee_id:structural:system:has_column:SYS_HAS_LAB_EMP_001,manufacturing_graph_edge/labor_ticket:employee_id:structural:system:has_column:SYS_HAS_LAB_EMP_001,manufacturing_graph_node/labor_ticket:entity:structural:system:none:none,manufacturing_graph_node/labor_ticket:employee_id:structural:system:none:none,structural,has_column,system,SYS_HAS_LAB_EMP_001,,,,,,,,
92,labor_ticket:resource_id:structural:system:has_column:SYS_HAS_LAB_RES_001,manufacturing_graph_edge/labor_ticket:resource_id:structural:system:has_column:SYS_HAS_LAB_RES_001,manufacturing_graph_node/labor_ticket:entity:structural:system:none:none,manufacturing_graph_node/labor_ticket:resource_id:structural:system:none:none,structural,has_column,system,SYS_HAS_LAB_RES_001,,,,,,,,
93,labor_ticket:clock_in:structural:system:has_column:SYS_HAS_LAB_CLO_001,manufacturing_graph_edge/labor_ticket:clock_in:structural:system:has_column:SYS_HAS_LAB_CLO_001,manufacturing_graph_node/labor_ticket:entity:structural:system:none:none,manufacturing_graph_node/labor_ticket:clock_in:structural:system:none:none,structural,has_column,system,SYS_HAS_LAB_CLO_001,,,,,,,,
94,labor_ticket:clock_out:structural:system:has_column:SYS_HAS_LAB_CLO_002,manufacturing_graph_edge/labor_ticket:clock_out:structural:system:has_column:SYS_HAS_LAB_CLO_002,manufacturing_graph_node/labor_ticket:entity:structural:system:none:none,manufacturing_graph_node/labor_ticket:clock_out:structural:system:none:none,structural,has_column,system,SYS_HAS_LAB_CLO_002,,,,,,,,
95,labor_ticket:total_hours:structural:system:has_column:SYS_HAS_LAB_TOT_001,manufacturing_graph_edge/labor_ticket:total_hours:structural:system:has_column:SYS_HAS_LAB_TOT_001,manufacturing_graph_node/labor_ticket:entity:structural:system:none:none,manufacturing_graph_node/labor_ticket:total_hours:structural:system:none:none,structural,has_column,system,SYS_HAS_LAB_TOT_001,,,,,,,,
96,labor_ticket:labor_cost:structural:system:has_column:SYS_HAS_LAB_LAB_001,manufacturing_graph_edge/labor_ticket:labor_cost:structural:system:has_column:SYS_HAS_LAB_LAB_001,manufacturing_graph_node/labor_ticket:entity:structural:system:none:none,manufacturing_graph_node/labor_ticket:labor_cost:structural:system:none:none,structural,has_column,system,SYS_HAS_LAB_LAB_001,,,,,,,,
97,labor_ticket:burden_cost:structural:system:has_column:SYS_HAS_LAB_BUR_001,manufacturing_graph_edge/labor_ticket:burden_cost:structural:system:has_column:SYS_HAS_LAB_BUR_001,manufacturing_graph_node/labor_ticket:entity:structural:system:none:none,manufacturing_graph_node/labor_ticket:burden_cost:structural:system:none:none,structural,has_column,system,SYS_HAS_LAB_BUR_001,,,,,,,,
98,labor_ticket:created_at:structural:system:has_column:SYS_HAS_LAB_CRE_001,manufacturing_graph_edge/labor_ticket:created_at:structural:system:has_column:SYS_HAS_LAB_CRE_001,manufacturing_graph_node/labor_ticket:entity:structural:system:none:none,manufacturing_graph_node/labor_ticket:created_at:structural:system:none:none,structural,has_column,system,SYS_HAS_LAB_CRE_001,,,,,,,,
99,material_issue:issue_id:structural:system:has_column:SYS_HAS_MAT_ISS_002,manufacturing_graph_edge/material_issue:issue_id:structural:system:has_column:SYS_HAS_MAT_ISS_002,manufacturing_graph_node/material_issue:entity:structural:system:none:none,manufacturing_graph_node/material_issue:issue_id:structural:system:none:none,structural,has_column,system,SYS_HAS_MAT_ISS_002,,,,,,,,
100,material_issue:wo_id:structural:system:has_column:SYS_HAS_MAT_WOI_001,manufacturing_graph_edge/material_issue:wo_id:structural:system:has_column:SYS_HAS_MAT_WOI_001,manufacturing_graph_node/material_issue:entity:structural:system:none:none,manufacturing_graph_node/material_issue:wo_id:structural:system:none:none,structural,has_column,system,SYS_HAS_MAT_WOI_001,,,,,,,,
101,material_issue:part_id:structural:system:has_column:SYS_HAS_MAT_PAR_002,manufacturing_graph_edge/material_issue:part_id:structural:system:has_column:SYS_HAS_MAT_PAR_002,manufacturing_graph_node/material_issue:entity:structural:system:none:none,manufacturing_graph_node/material_issue:part_id:structural:system:none:none,structural,has_column,system,SYS_HAS_MAT_PAR_002,,,,,,,,
102,material_issue:part_description:structural:system:has_column:SYS_HAS_MAT_PAR_001,manufacturing_graph_edge/material_issue:part_description:structural:system:has_column:SYS_HAS_MAT_PAR_001,manufacturing_graph_node/material_issue:entity:structural:system:none:none,manufacturing_graph_node/material_issue:part_description:structural:system:none:none,structural,has_column,system,SYS_HAS_MAT_PAR_001,,,,,,,,
103,material_issue:quantity:structural:system:has_column:SYS_HAS_MAT_QUA_001,manufacturing_graph_edge/material_issue:quantity:structural:system:has_column:SYS_HAS_MAT_QUA_001,manufacturing_graph_node/material_issue:entity:structural:system:none:none,manufacturing_graph_node/material_issue:quantity:structural:system:none:none,structural,has_column,system,SYS_HAS_MAT_QUA_001,,,,,,,,
104,material_issue:unit_cost:structural:system:has_column:SYS_HAS_MAT_UNI_001,manufacturing_graph_edge/material_issue:unit_cost:structural:system:has_column:SYS_HAS_MAT_UNI_001,manufacturing_graph_node/material_issue:entity:structural:system:none:none,manufacturing_graph_node/material_issue:unit_cost:structural:system:none:none,structural,has_column,system,SYS_HAS_MAT_UNI_001,,,,,,,,
105,material_issue:total_cost:structural:system:has_column:SYS_HAS_MAT_TOT_001,manufacturing_graph_edge/material_issue:total_cost:structural:system:has_column:SYS_HAS_MAT_TOT_001,manufacturing_graph_node/material_issue:entity:structural:system:none:none,manufacturing_graph_node/material_issue:total_cost:structural:system:none:none,structural,has_column,system,SYS_HAS_MAT_TOT_001,,,,,,,,
106,material_issue:issue_date:structural:system:has_column:SYS_HAS_MAT_ISS_001,manufacturing_graph_edge/material_issue:issue_date:structural:system:has_column:SYS_HAS_MAT_ISS_001,manufacturing_graph_node/material_issue:entity:structural:system:none:none,manufacturing_graph_node/material_issue:issue_date:structural:system:none:none,structural,has_column,system,SYS_HAS_MAT_ISS_001,,,,,,,,
107,material_issue:issued_by:structural:system:has_column:SYS_HAS_MAT_ISS_003,manufacturing_graph_edge/material_issue:issued_by:structural:system:has_column:SYS_HAS_MAT_ISS_003,manufacturing_graph_node/material_issue:entity:structural:system:none:none,manufacturing_graph_node/material_issue:issued_by:structural:system:none:none,structural,has_column,system,SYS_HAS_MAT_ISS_003,,,,,,,,
108,material_issue:created_at:structural:system:has_column:SYS_HAS_MAT_CRE_001,manufacturing_graph_edge/material_issue:created_at:structural:system:has_column:SYS_HAS_MAT_CRE_001,manufacturing_graph_node/material_issue:entity:structural:system:none:none,manufacturing_graph_node/material_issue:created_at:structural:system:none:none,structural,has_column,system,SYS_HAS_MAT_CRE_001,,,,,,,,
109,operation:rowid_pk:structural:system:has_column:SYS_HAS_OPE_ROW_001,manufacturing_graph_edge/operation:rowid_pk:structural:system:has_column:SYS_HAS_OPE_ROW_001,manufacturing_graph_node/operation:entity:structural:system:none:none,manufacturing_graph_node/operation:rowid_pk:structural:system:none:none,structural,has_column,system,SYS_HAS_OPE_ROW_001,,,,,,,,
110,operation:wo_id:structural:system:has_column:SYS_HAS_OPE_WOI_001,manufacturing_graph_edge/operation:wo_id:structural:system:has_column:SYS_HAS_OPE_WOI_001,manufacturing_graph_node/operation:entity:structural:system:none:none,manufacturing_graph_node/operation:wo_id:structural:system:none:none,structural,has_column,system,SYS_HAS_OPE_WOI_001,,,,,,,,
111,operation:workorder_type:structural:system:has_column:SYS_HAS_OPE_WOR_001,manufacturing_graph_edge/operation:workorder_type:structural:system:has_column:SYS_HAS_OPE_WOR_001,manufacturing_graph_node/operation:entity:structural:system:none:none,manufacturing_graph_node/operation:workorder_type:structural:system:none:none,structural,has_column,system,SYS_HAS_OPE_WOR_001,,,,,,,,
112,operation:sequence_no:structural:system:has_column:SYS_HAS_OPE_SEQ_001,manufacturing_graph_edge/operation:sequence_no:structural:system:has_column:SYS_HAS_OPE_SEQ_001,manufacturing_graph_node/operation:entity:structural:system:none:none,manufacturing_graph_node/operation:sequence_no:structural:system:none:none,structural,has_column,system,SYS_HAS_OPE_SEQ_001,,,,,,,,
113,operation:resource_id:structural:system:has_column:SYS_HAS_OPE_RES_001,manufacturing_graph_edge/operation:resource_id:structural:system:has_column:SYS_HAS_OPE_RES_001,manufacturing_graph_node/operation:entity:structural:system:none:none,manufacturing_graph_node/operation:resource_id:structural:system:none:none,structural,has_column,system,SYS_HAS_OPE_RES_001,,,,,,,,
114,operation:service_id:structural:system:has_column:SYS_HAS_OPE_SER_002,manufacturing_graph_edge/operation:service_id:structural:system:has_column:SYS_HAS_OPE_SER_002,manufacturing_graph_node/operation:entity:structural:system:none:none,manufacturing_graph_node/operation:service_id:structural:system:none:none,structural,has_column,system,SYS_HAS_OPE_SER_002,,,,,,,,
115,operation:vendor_id:structural:system:has_column:SYS_HAS_OPE_VEN_001,manufacturing_graph_edge/operation:vendor_id:structural:system:has_column:SYS_HAS_OPE_VEN_001,manufacturing_graph_node/operation:entity:structural:system:none:none,manufacturing_graph_node/operation:vendor_id:structural:system:none:none,structural,has_column,system,SYS_HAS_OPE_VEN_001,,,,,,,,
116,operation:run_type:structural:system:has_column:SYS_HAS_OPE_RUN_002,manufacturing_graph_edge/operation:run_type:structural:system:has_column:SYS_HAS_OPE_RUN_002,manufacturing_graph_node/operation:entity:structural:system:none:none,manufacturing_graph_node/operation:run_type:structural:system:none:none,structural,has_column,system,SYS_HAS_OPE_RUN_002,,,,,,,,
117,operation:setup_hrs:structural:system:has_column:SYS_HAS_OPE_SET_001,manufacturing_graph_edge/operation:setup_hrs:structural:system:has_column:SYS_HAS_OPE_SET_001,manufacturing_graph_node/operation:entity:structural:system:none:none,manufacturing_graph_node/operation:setup_hrs:structural:system:none:none,structural,has_column,system,SYS_HAS_OPE_SET_001,,,,,,,,
118,operation:run_hrs:structural:system:has_column:SYS_HAS_OPE_RUN_001,manufacturing_graph_edge/operation:run_hrs:structural:system:has_column:SYS_HAS_OPE_RUN_001,manufacturing_graph_node/operation:entity:structural:system:none:none,manufacturing_graph_node/operation:run_hrs:structural:system:none:none,structural,has_column,system,SYS_HAS_OPE_RUN_001,,,,,,,,
119,operation:act_setup_hrs:structural:system:has_column:SYS_HAS_OPE_ACT_005,manufacturing_graph_edge/operation:act_setup_hrs:structural:system:has_column:SYS_HAS_OPE_ACT_005,manufacturing_graph_node/operation:entity:structural:system:none:none,manufacturing_graph_node/operation:act_setup_hrs:structural:system:none:none,structural,has_column,system,SYS_HAS_OPE_ACT_005,,,,,,,,
120,operation:act_run_hrs:structural:system:has_column:SYS_HAS_OPE_ACT_004,manufacturing_graph_edge/operation:act_run_hrs:structural:system:has_column:SYS_HAS_OPE_ACT_004,manufacturing_graph_node/operation:entity:structural:system:none:none,manufacturing_graph_node/operation:act_run_hrs:structural:system:none:none,structural,has_column,system,SYS_HAS_OPE_ACT_004,,,,,,,,
121,operation:est_atl_lab_cost:structural:system:has_column:SYS_HAS_OPE_EST_002,manufacturing_graph_edge/operation:est_atl_lab_cost:structural:system:has_column:SYS_HAS_OPE_EST_002,manufacturing_graph_node/operation:entity:structural:system:none:none,manufacturing_graph_node/operation:est_atl_lab_cost:structural:system:none:none,structural,has_column,system,SYS_HAS_OPE_EST_002,,,,,,,,
122,operation:est_atl_bur_cost:structural:system:has_column:SYS_HAS_OPE_EST_001,manufacturing_graph_edge/operation:est_atl_bur_cost:structural:system:has_column:SYS_HAS_OPE_EST_001,manufacturing_graph_node/operation:entity:structural:system:none:none,manufacturing_graph_node/operation:est_atl_bur_cost:structural:system:none:none,structural,has_column,system,SYS_HAS_OPE_EST_001,,,,,,,,
123,operation:est_atl_ser_cost:structural:system:has_column:SYS_HAS_OPE_EST_003,manufacturing_graph_edge/operation:est_atl_ser_cost:structural:system:has_column:SYS_HAS_OPE_EST_003,manufacturing_graph_node/operation:entity:structural:system:none:none,manufacturing_graph_node/operation:est_atl_ser_cost:structural:system:none:none,structural,has_column,system,SYS_HAS_OPE_EST_003,,,,,,,,
124,operation:act_atl_lab_cost:structural:system:has_column:SYS_HAS_OPE_ACT_002,manufacturing_graph_edge/operation:act_atl_lab_cost:structural:system:has_column:SYS_HAS_OPE_ACT_002,manufacturing_graph_node/operation:entity:structural:system:none:none,manufacturing_graph_node/operation:act_atl_lab_cost:structural:system:none:none,structural,has_column,system,SYS_HAS_OPE_ACT_002,,,,,,,,
125,operation:act_atl_bur_cost:structural:system:has_column:SYS_HAS_OPE_ACT_001,manufacturing_graph_edge/operation:act_atl_bur_cost:structural:system:has_column:SYS_HAS_OPE_ACT_001,manufacturing_graph_node/operation:entity:structural:system:none:none,manufacturing_graph_node/operation:act_atl_bur_cost:structural:system:none:none,structural,has_column,system,SYS_HAS_OPE_ACT_001,,,,,,,,
126,operation:act_atl_ser_cost:structural:system:has_column:SYS_HAS_OPE_ACT_003,manufacturing_graph_edge/operation:act_atl_ser_cost:structural:system:has_column:SYS_HAS_OPE_ACT_003,manufacturing_graph_node/operation:entity:structural:system:none:none,manufacturing_graph_node/operation:act_atl_ser_cost:structural:system:none:none,structural,has_column,system,SYS_HAS_OPE_ACT_003,,,,,,,,
127,operation:status:structural:system:has_column:SYS_HAS_OPE_STA_001,manufacturing_graph_edge/operation:status:structural:system:has_column:SYS_HAS_OPE_STA_001,manufacturing_graph_node/operation:entity:structural:system:none:none,manufacturing_graph_node/operation:status:structural:system:none:none,structural,has_column,system,SYS_HAS_OPE_STA_001,,,,,,,,
128,operation:sched_start_date:structural:system:has_column:SYS_HAS_OPE_SCH_002,manufacturing_graph_edge/operation:sched_start_date:structural:system:has_column:SYS_HAS_OPE_SCH_002,manufacturing_graph_node/operation:entity:structural:system:none:none,manufacturing_graph_node/operation:sched_start_date:structural:system:none:none,structural,has_column,system,SYS_HAS_OPE_SCH_002,,,,,,,,
129,operation:sched_finish_date:structural:system:has_column:SYS_HAS_OPE_SCH_001,manufacturing_graph_edge/operation:sched_finish_date:structural:system:has_column:SYS_HAS_OPE_SCH_001,manufacturing_graph_node/operation:entity:structural:system:none:none,manufacturing_graph_node/operation:sched_finish_date:structural:system:none:none,structural,has_column,system,SYS_HAS_OPE_SCH_001,,,,,,,,
130,operation:service_begin_date:structural:system:has_column:SYS_HAS_OPE_SER_001,manufacturing_graph_edge/operation:service_begin_date:structural:system:has_column:SYS_HAS_OPE_SER_001,manufacturing_graph_node/operation:entity:structural:system:none:none,manufacturing_graph_node/operation:service_begin_date:structural:system:none:none,structural,has_column,system,SYS_HAS_OPE_SER_001,,,,,,,,
131,operation:close_date:structural:system:has_column:SYS_HAS_OPE_CLO_001,manufacturing_graph_edge/operation:close_date:structural:system:has_column:SYS_HAS_OPE_CLO_001,manufacturing_graph_node/operation:entity:structural:system:none:none,manufacturing_graph_node/operation:close_date:structural:system:none:none,structural,has_column,system,SYS_HAS_OPE_CLO_001,,,,,,,,
132,operation:last_disp_date:structural:system:has_column:SYS_HAS_OPE_LAS_001,manufacturing_graph_edge/operation:last_disp_date:structural:system:has_column:SYS_HAS_OPE_LAS_001,manufacturing_graph_node/operation:entity:structural:system:none:none,manufacturing_graph_node/operation:last_disp_date:structural:system:none:none,structural,has_column,system,SYS_HAS_OPE_LAS_001,,,,,,,,
133,operation:last_recv_date:structural:system:has_column:SYS_HAS_OPE_LAS_002,manufacturing_graph_edge/operation:last_recv_date:structural:system:has_column:SYS_HAS_OPE_LAS_002,manufacturing_graph_node/operation:entity:structural:system:none:none,manufacturing_graph_node/operation:last_recv_date:structural:system:none:none,structural,has_column,system,SYS_HAS_OPE_LAS_002,,,,,,,,
134,operation:operation_type_id:structural:system:has_column:SYS_HAS_OPE_OPE_001,manufacturing_graph_edge/operation:operation_type_id:structural:system:has_column:SYS_HAS_OPE_OPE_001,manufacturing_graph_node/operation:entity:structural:system:none:none,manufacturing_graph_node/operation:operation_type_id:structural:system:none:none,structural,has_column,system,SYS_HAS_OPE_OPE_001,,,,,,,,
135,part:part_id:structural:system:has_column:SYS_HAS_PAR_PAR_003,manufacturing_graph_edge/part:part_id:structural:system:has_column:SYS_HAS_PAR_PAR_003,manufacturing_graph_node/part:entity:structural:system:none:none,manufacturing_graph_node/part:part_id:structural:system:none:none,structural,has_column,system,SYS_HAS_PAR_PAR_003,,,,,,,,
136,part:part_description:structural:system:has_column:SYS_HAS_PAR_PAR_002,manufacturing_graph_edge/part:part_description:structural:system:has_column:SYS_HAS_PAR_PAR_002,manufacturing_graph_node/part:entity:structural:system:none:none,manufacturing_graph_node/part:part_description:structural:system:none:none,structural,has_column,system,SYS_HAS_PAR_PAR_002,,,,,,,,
137,part:part_class:structural:system:has_column:SYS_HAS_PAR_PAR_001,manufacturing_graph_edge/part:part_class:structural:system:has_column:SYS_HAS_PAR_PAR_001,manufacturing_graph_node/part:entity:structural:system:none:none,manufacturing_graph_node/part:part_class:structural:system:none:none,structural,has_column,system,SYS_HAS_PAR_PAR_001,,,,,,,,
138,part:unit_of_measure:structural:system:has_column:SYS_HAS_PAR_UNI_002,manufacturing_graph_edge/part:unit_of_measure:structural:system:has_column:SYS_HAS_PAR_UNI_002,manufacturing_graph_node/part:entity:structural:system:none:none,manufacturing_graph_node/part:unit_of_measure:structural:system:none:none,structural,has_column,system,SYS_HAS_PAR_UNI_002,,,,,,,,
139,part:unit_cost:structural:system:has_column:SYS_HAS_PAR_UNI_001,manufacturing_graph_edge/part:unit_cost:structural:system:has_column:SYS_HAS_PAR_UNI_001,manufacturing_graph_node/part:entity:structural:system:none:none,manufacturing_graph_node/part:unit_cost:structural:system:none:none,structural,has_column,system,SYS_HAS_PAR_UNI_001,,,,,,,,
140,part:lead_time_days:structural:system:has_column:SYS_HAS_PAR_LEA_001,manufacturing_graph_edge/part:lead_time_days:structural:system:has_column:SYS_HAS_PAR_LEA_001,manufacturing_graph_node/part:entity:structural:system:none:none,manufacturing_graph_node/part:lead_time_days:structural:system:none:none,structural,has_column,system,SYS_HAS_PAR_LEA_001,,,,,,,,
141,part:reorder_point:structural:system:has_column:SYS_HAS_PAR_REO_001,manufacturing_graph_edge/part:reorder_point:structural:system:has_column:SYS_HAS_PAR_REO_001,manufacturing_graph_node/part:entity:structural:system:none:none,manufacturing_graph_node/part:reorder_point:structural:system:none:none,structural,has_column,system,SYS_HAS_PAR_REO_001,,,,,,,,
142,part:on_hand_qty:structural:system:has_column:SYS_HAS_PAR_ONH_001,manufacturing_graph_edge/part:on_hand_qty:structural:system:has_column:SYS_HAS_PAR_ONH_001,manufacturing_graph_node/part:entity:structural:system:none:none,manufacturing_graph_node/part:on_hand_qty:structural:system:none:none,structural,has_column,system,SYS_HAS_PAR_ONH_001,,,,,,,,
143,part:revision:structural:system:has_column:SYS_HAS_PAR_REV_001,manufacturing_graph_edge/part:revision:structural:system:has_column:SYS_HAS_PAR_REV_001,manufacturing_graph_node/part:entity:structural:system:none:none,manufacturing_graph_node/part:revision:structural:system:none:none,structural,has_column,system,SYS_HAS_PAR_REV_001,,,,,,,,
144,part:cage_code:structural:system:has_column:SYS_HAS_PAR_CAG_001,manufacturing_graph_edge/part:cage_code:structural:system:has_column:SYS_HAS_PAR_CAG_001,manufacturing_graph_node/part:entity:structural:system:none:none,manufacturing_graph_node/part:cage_code:structural:system:none:none,structural,has_column,system,SYS_HAS_PAR_CAG_001,,,,,,,,
145,part:drawing_number:structural:system:has_column:SYS_HAS_PAR_DRA_001,manufacturing_graph_edge/part:drawing_number:structural:system:has_column:SYS_HAS_PAR_DRA_001,manufacturing_graph_node/part:entity:structural:system:none:none,manufacturing_graph_node/part:drawing_number:structural:system:none:none,structural,has_column,system,SYS_HAS_PAR_DRA_001,,,,,,,,
146,part:material_spec:structural:system:has_column:SYS_HAS_PAR_MAT_001,manufacturing_graph_edge/part:material_spec:structural:system:has_column:SYS_HAS_PAR_MAT_001,manufacturing_graph_node/part:entity:structural:system:none:none,manufacturing_graph_node/part:material_spec:structural:system:none:none,structural,has_column,system,SYS_HAS_PAR_MAT_001,,,,,,,,
147,part:planner_code:structural:system:has_column:SYS_HAS_PAR_PLA_001,manufacturing_graph_edge/part:planner_code:structural:system:has_column:SYS_HAS_PAR_PLA_001,manufacturing_graph_node/part:entity:structural:system:none:none,manufacturing_graph_node/part:planner_code:structural:system:none:none,structural,has_column,system,SYS_HAS_PAR_PLA_001,,,,,,,,
148,part:buyer_code:structural:system:has_column:SYS_HAS_PAR_BUY_001,manufacturing_graph_edge/part:buyer_code:structural:system:has_column:SYS_HAS_PAR_BUY_001,manufacturing_graph_node/part:entity:structural:system:none:none,manufacturing_graph_node/part:buyer_code:structural:system:none:none,structural,has_column,system,SYS_HAS_PAR_BUY_001,,,,,,,,
149,part:safety_stock:structural:system:has_column:SYS_HAS_PAR_SAF_001,manufacturing_graph_edge/part:safety_stock:structural:system:has_column:SYS_HAS_PAR_SAF_001,manufacturing_graph_node/part:entity:structural:system:none:none,manufacturing_graph_node/part:safety_stock:structural:system:none:none,structural,has_column,system,SYS_HAS_PAR_SAF_001,,,,,,,,
150,part:active:structural:system:has_column:SYS_HAS_PAR_ACT_001,manufacturing_graph_edge/part:active:structural:system:has_column:SYS_HAS_PAR_ACT_001,manufacturing_graph_node/part:entity:structural:system:none:none,manufacturing_graph_node/part:active:structural:system:none:none,structural,has_column,system,SYS_HAS_PAR_ACT_001,,,,,,,,
151,part:created_at:structural:system:has_column:SYS_HAS_PAR_CRE_001,manufacturing_graph_edge/part:created_at:structural:system:has_column:SYS_HAS_PAR_CRE_001,manufacturing_graph_node/part:entity:structural:system:none:none,manufacturing_graph_node/part:created_at:structural:system:none:none,structural,has_column,system,SYS_HAS_PAR_CRE_001,,,,,,,,
152,part:commodity_code:structural:system:has_column:SYS_HAS_PAR_COM_001,manufacturing_graph_edge/part:commodity_code:structural:system:has_column:SYS_HAS_PAR_COM_001,manufacturing_graph_node/part:entity:structural:system:none:none,manufacturing_graph_node/part:commodity_code:structural:system:none:none,structural,has_column,system,SYS_HAS_PAR_COM_001,,,,,,,,
153,part_location:part_location_id:structural:system:has_column:SYS_HAS_PAR_PAR_005,manufacturing_graph_edge/part_location:part_location_id:structural:system:has_column:SYS_HAS_PAR_PAR_005,manufacturing_graph_node/part_location:entity:structural:system:none:none,manufacturing_graph_node/part_location:part_location_id:structural:system:none:none,structural,has_column,system,SYS_HAS_PAR_PAR_005,,,,,,,,
154,part_location:part_id:structural:system:has_column:SYS_HAS_PAR_PAR_004,manufacturing_graph_edge/part_location:part_id:structural:system:has_column:SYS_HAS_PAR_PAR_004,manufacturing_graph_node/part_location:entity:structural:system:none:none,manufacturing_graph_node/part_location:part_id:structural:system:none:none,structural,has_column,system,SYS_HAS_PAR_PAR_004,,,,,,,,
155,part_location:warehouse_id:structural:system:has_column:SYS_HAS_PAR_WAR_001,manufacturing_graph_edge/part_location:warehouse_id:structural:system:has_column:SYS_HAS_PAR_WAR_001,manufacturing_graph_node/part_location:entity:structural:system:none:none,manufacturing_graph_node/part_location:warehouse_id:structural:system:none:none,structural,has_column,system,SYS_HAS_PAR_WAR_001,,,,,,,,
156,part_location:location_id:structural:system:has_column:SYS_HAS_PAR_LOC_001,manufacturing_graph_edge/part_location:location_id:structural:system:has_column:SYS_HAS_PAR_LOC_001,manufacturing_graph_node/part_location:entity:structural:system:none:none,manufacturing_graph_node/part_location:location_id:structural:system:none:none,structural,has_column,system,SYS_HAS_PAR_LOC_001,,,,,,,,
157,part_location:description:structural:system:has_column:SYS_HAS_PAR_DES_001,manufacturing_graph_edge/part_location:description:structural:system:has_column:SYS_HAS_PAR_DES_001,manufacturing_graph_node/part_location:entity:structural:system:none:none,manufacturing_graph_node/part_location:description:structural:system:none:none,structural,has_column,system,SYS_HAS_PAR_DES_001,,,,,,,,
158,part_location:qty:structural:system:has_column:SYS_HAS_PAR_QTY_001,manufacturing_graph_edge/part_location:qty:structural:system:has_column:SYS_HAS_PAR_QTY_001,manufacturing_graph_node/part_location:entity:structural:system:none:none,manufacturing_graph_node/part_location:qty:structural:system:none:none,structural,has_column,system,SYS_HAS_PAR_QTY_001,,,,,,,,
159,part_location:committed_qty:structural:system:has_column:SYS_HAS_PAR_COM_002,manufacturing_graph_edge/part_location:committed_qty:structural:system:has_column:SYS_HAS_PAR_COM_002,manufacturing_graph_node/part_location:entity:structural:system:none:none,manufacturing_graph_node/part_location:committed_qty:structural:system:none:none,structural,has_column,system,SYS_HAS_PAR_COM_002,,,,,,,,
160,part_location:status:structural:system:has_column:SYS_HAS_PAR_STA_001,manufacturing_graph_edge/part_location:status:structural:system:has_column:SYS_HAS_PAR_STA_001,manufacturing_graph_node/part_location:entity:structural:system:none:none,manufacturing_graph_node/part_location:status:structural:system:none:none,structural,has_column,system,SYS_HAS_PAR_STA_001,,,,,,,,
161,part_location:last_count_date:structural:system:has_column:SYS_HAS_PAR_LAS_001,manufacturing_graph_edge/part_location:last_count_date:structural:system:has_column:SYS_HAS_PAR_LAS_001,manufacturing_graph_node/part_location:entity:structural:system:none:none,manufacturing_graph_node/part_location:last_count_date:structural:system:none:none,structural,has_column,system,SYS_HAS_PAR_LAS_001,,,,,,,,
162,part_location:created_at:structural:system:has_column:SYS_HAS_PAR_CRE_002,manufacturing_graph_edge/part_location:created_at:structural:system:has_column:SYS_HAS_PAR_CRE_002,manufacturing_graph_node/part_location:entity:structural:system:none:none,manufacturing_graph_node/part_location:created_at:structural:system:none:none,structural,has_column,system,SYS_HAS_PAR_CRE_002,,,,,,,,
163,payable_line:payable_line_id:structural:system:has_column:SYS_HAS_PAY_PAY_001,manufacturing_graph_edge/payable_line:payable_line_id:structural:system:has_column:SYS_HAS_PAY_PAY_001,manufacturing_graph_node/payable_line:entity:structural:system:none:none,manufacturing_graph_node/payable_line:payable_line_id:structural:system:none:none,structural,has_column,system,SYS_HAS_PAY_PAY_001,,,,,,,,
164,payable_line:invoice_id:structural:system:has_column:SYS_HAS_PAY_INV_001,manufacturing_graph_edge/payable_line:invoice_id:structural:system:has_column:SYS_HAS_PAY_INV_001,manufacturing_graph_node/payable_line:entity:structural:system:none:none,manufacturing_graph_node/payable_line:invoice_id:structural:system:none:none,structural,has_column,system,SYS_HAS_PAY_INV_001,,,,,,,,
165,payable_line:line_no:structural:system:has_column:SYS_HAS_PAY_LIN_001,manufacturing_graph_edge/payable_line:line_no:structural:system:has_column:SYS_HAS_PAY_LIN_001,manufacturing_graph_node/payable_line:entity:structural:system:none:none,manufacturing_graph_node/payable_line:line_no:structural:system:none:none,structural,has_column,system,SYS_HAS_PAY_LIN_001,,,,,,,,
166,payable_line:po_id:structural:system:has_column:SYS_HAS_PAY_POI_001,manufacturing_graph_edge/payable_line:po_id:structural:system:has_column:SYS_HAS_PAY_POI_001,manufacturing_graph_node/payable_line:entity:structural:system:none:none,manufacturing_graph_node/payable_line:po_id:structural:system:none:none,structural,has_column,system,SYS_HAS_PAY_POI_001,,,,,,,,
167,payable_line:part_id:structural:system:has_column:SYS_HAS_PAY_PAR_001,manufacturing_graph_edge/payable_line:part_id:structural:system:has_column:SYS_HAS_PAY_PAR_001,manufacturing_graph_node/payable_line:entity:structural:system:none:none,manufacturing_graph_node/payable_line:part_id:structural:system:none:none,structural,has_column,system,SYS_HAS_PAY_PAR_001,,,,,,,,
168,payable_line:qty:structural:system:has_column:SYS_HAS_PAY_QTY_001,manufacturing_graph_edge/payable_line:qty:structural:system:has_column:SYS_HAS_PAY_QTY_001,manufacturing_graph_node/payable_line:entity:structural:system:none:none,manufacturing_graph_node/payable_line:qty:structural:system:none:none,structural,has_column,system,SYS_HAS_PAY_QTY_001,,,,,,,,
169,payable_line:amount:structural:system:has_column:SYS_HAS_PAY_AMO_001,manufacturing_graph_edge/payable_line:amount:structural:system:has_column:SYS_HAS_PAY_AMO_001,manufacturing_graph_node/payable_line:entity:structural:system:none:none,manufacturing_graph_node/payable_line:amount:structural:system:none:none,structural,has_column,system,SYS_HAS_PAY_AMO_001,,,,,,,,
170,payable_line:created_at:structural:system:has_column:SYS_HAS_PAY_CRE_001,manufacturing_graph_edge/payable_line:created_at:structural:system:has_column:SYS_HAS_PAY_CRE_001,manufacturing_graph_node/payable_line:entity:structural:system:none:none,manufacturing_graph_node/payable_line:created_at:structural:system:none:none,structural,has_column,system,SYS_HAS_PAY_CRE_001,,,,,,,,
171,payable_line:po_line_id:structural:system:has_column:SYS_HAS_PAY_POL_001,manufacturing_graph_edge/payable_line:po_line_id:structural:system:has_column:SYS_HAS_PAY_POL_001,manufacturing_graph_node/payable_line:entity:structural:system:none:none,manufacturing_graph_node/payable_line:po_line_id:structural:system:none:none,structural,has_column,system,SYS_HAS_PAY_POL_001,,,,,,,,
172,payable_line:receipt_line_id:structural:system:has_column:SYS_HAS_PAY_REC_001,manufacturing_graph_edge/payable_line:receipt_line_id:structural:system:has_column:SYS_HAS_PAY_REC_001,manufacturing_graph_node/payable_line:entity:structural:system:none:none,manufacturing_graph_node/payable_line:receipt_line_id:structural:system:none:none,structural,has_column,system,SYS_HAS_PAY_REC_001,,,,,,,,
173,payables:invoice_id:structural:system:has_column:SYS_HAS_PAY_INV_003,manufacturing_graph_edge/payables:invoice_id:structural:system:has_column:SYS_HAS_PAY_INV_003,manufacturing_graph_node/payables:entity:structural:system:none:none,manufacturing_graph_node/payables:invoice_id:structural:system:none:none,structural,has_column,system,SYS_HAS_PAY_INV_003,,,,,,,,
174,payables:po_id:structural:system:has_column:SYS_HAS_PAY_POI_002,manufacturing_graph_edge/payables:po_id:structural:system:has_column:SYS_HAS_PAY_POI_002,manufacturing_graph_node/payables:entity:structural:system:none:none,manufacturing_graph_node/payables:po_id:structural:system:none:none,structural,has_column,system,SYS_HAS_PAY_POI_002,,,,,,,,
175,payables:supplier_id:structural:system:has_column:SYS_HAS_PAY_SUP_001,manufacturing_graph_edge/payables:supplier_id:structural:system:has_column:SYS_HAS_PAY_SUP_001,manufacturing_graph_node/payables:entity:structural:system:none:none,manufacturing_graph_node/payables:supplier_id:structural:system:none:none,structural,has_column,system,SYS_HAS_PAY_SUP_001,,,,,,,,
176,payables:invoice_number:structural:system:has_column:SYS_HAS_PAY_INV_004,manufacturing_graph_edge/payables:invoice_number:structural:system:has_column:SYS_HAS_PAY_INV_004,manufacturing_graph_node/payables:entity:structural:system:none:none,manufacturing_graph_node/payables:invoice_number:structural:system:none:none,structural,has_column,system,SYS_HAS_PAY_INV_004,,,,,,,,
177,payables:invoice_date:structural:system:has_column:SYS_HAS_PAY_INV_002,manufacturing_graph_edge/payables:invoice_date:structural:system:has_column:SYS_HAS_PAY_INV_002,manufacturing_graph_node/payables:entity:structural:system:none:none,manufacturing_graph_node/payables:invoice_date:structural:system:none:none,structural,has_column,system,SYS_HAS_PAY_INV_002,,,,,,,,
178,payables:due_date:structural:system:has_column:SYS_HAS_PAY_DUE_001,manufacturing_graph_edge/payables:due_date:structural:system:has_column:SYS_HAS_PAY_DUE_001,manufacturing_graph_node/payables:entity:structural:system:none:none,manufacturing_graph_node/payables:due_date:structural:system:none:none,structural,has_column,system,SYS_HAS_PAY_DUE_001,,,,,,,,
179,payables:amount_dollars:structural:system:has_column:SYS_HAS_PAY_AMO_002,manufacturing_graph_edge/payables:amount_dollars:structural:system:has_column:SYS_HAS_PAY_AMO_002,manufacturing_graph_node/payables:entity:structural:system:none:none,manufacturing_graph_node/payables:amount_dollars:structural:system:none:none,structural,has_column,system,SYS_HAS_PAY_AMO_002,,,,,,,,
180,payables:status:structural:system:has_column:SYS_HAS_PAY_STA_001,manufacturing_graph_edge/payables:status:structural:system:has_column:SYS_HAS_PAY_STA_001,manufacturing_graph_node/payables:entity:structural:system:none:none,manufacturing_graph_node/payables:status:structural:system:none:none,structural,has_column,system,SYS_HAS_PAY_STA_001,,,,,,,,
181,payables:payment_date:structural:system:has_column:SYS_HAS_PAY_PAY_002,manufacturing_graph_edge/payables:payment_date:structural:system:has_column:SYS_HAS_PAY_PAY_002,manufacturing_graph_node/payables:entity:structural:system:none:none,manufacturing_graph_node/payables:payment_date:structural:system:none:none,structural,has_column,system,SYS_HAS_PAY_PAY_002,,,,,,,,
182,payables:three_way_match_status:structural:system:has_column:SYS_HAS_PAY_THR_001,manufacturing_graph_edge/payables:three_way_match_status:structural:system:has_column:SYS_HAS_PAY_THR_001,manufacturing_graph_node/payables:entity:structural:system:none:none,manufacturing_graph_node/payables:three_way_match_status:structural:system:none:none,structural,has_column,system,SYS_HAS_PAY_THR_001,,,,,,,,
183,payables:created_at:structural:system:has_column:SYS_HAS_PAY_CRE_002,manufacturing_graph_edge/payables:created_at:structural:system:has_column:SYS_HAS_PAY_CRE_002,manufacturing_graph_node/payables:entity:structural:system:none:none,manufacturing_graph_node/payables:created_at:structural:system:none:none,structural,has_column,system,SYS_HAS_PAY_CRE_002,,,,,,,,
184,po_line:line_id:structural:system:has_column:SYS_HAS_POL_LIN_001,manufacturing_graph_edge/po_line:line_id:structural:system:has_column:SYS_HAS_POL_LIN_001,manufacturing_graph_node/po_line:entity:structural:system:none:none,manufacturing_graph_node/po_line:line_id:structural:system:none:none,structural,has_column,system,SYS_HAS_POL_LIN_001,,,,,,,,
185,po_line:po_id:structural:system:has_column:SYS_HAS_POL_POI_001,manufacturing_graph_edge/po_line:po_id:structural:system:has_column:SYS_HAS_POL_POI_001,manufacturing_graph_node/po_line:entity:structural:system:none:none,manufacturing_graph_node/po_line:po_id:structural:system:none:none,structural,has_column,system,SYS_HAS_POL_POI_001,,,,,,,,
186,po_line:part_id:structural:system:has_column:SYS_HAS_POL_PAR_002,manufacturing_graph_edge/po_line:part_id:structural:system:has_column:SYS_HAS_POL_PAR_002,manufacturing_graph_node/po_line:entity:structural:system:none:none,manufacturing_graph_node/po_line:part_id:structural:system:none:none,structural,has_column,system,SYS_HAS_POL_PAR_002,,,,,,,,
187,po_line:part_description:structural:system:has_column:SYS_HAS_POL_PAR_001,manufacturing_graph_edge/po_line:part_description:structural:system:has_column:SYS_HAS_POL_PAR_001,manufacturing_graph_node/po_line:entity:structural:system:none:none,manufacturing_graph_node/po_line:part_description:structural:system:none:none,structural,has_column,system,SYS_HAS_POL_PAR_001,,,,,,,,
188,po_line:quantity:structural:system:has_column:SYS_HAS_POL_QUA_001,manufacturing_graph_edge/po_line:quantity:structural:system:has_column:SYS_HAS_POL_QUA_001,manufacturing_graph_node/po_line:entity:structural:system:none:none,manufacturing_graph_node/po_line:quantity:structural:system:none:none,structural,has_column,system,SYS_HAS_POL_QUA_001,,,,,,,,
189,po_line:unit_cost:structural:system:has_column:SYS_HAS_POL_UNI_001,manufacturing_graph_edge/po_line:unit_cost:structural:system:has_column:SYS_HAS_POL_UNI_001,manufacturing_graph_node/po_line:entity:structural:system:none:none,manufacturing_graph_node/po_line:unit_cost:structural:system:none:none,structural,has_column,system,SYS_HAS_POL_UNI_001,,,,,,,,
190,po_line:line_total:structural:system:has_column:SYS_HAS_POL_LIN_002,manufacturing_graph_edge/po_line:line_total:structural:system:has_column:SYS_HAS_POL_LIN_002,manufacturing_graph_node/po_line:entity:structural:system:none:none,manufacturing_graph_node/po_line:line_total:structural:system:none:none,structural,has_column,system,SYS_HAS_POL_LIN_002,,,,,,,,
191,po_line:created_at:structural:system:has_column:SYS_HAS_POL_CRE_001,manufacturing_graph_edge/po_line:created_at:structural:system:has_column:SYS_HAS_POL_CRE_001,manufacturing_graph_node/po_line:entity:structural:system:none:none,manufacturing_graph_node/po_line:created_at:structural:system:none:none,structural,has_column,system,SYS_HAS_POL_CRE_001,,,,,,,,
192,purchase_order:po_id:structural:system:has_column:SYS_HAS_PUR_POI_001,manufacturing_graph_edge/purchase_order:po_id:structural:system:has_column:SYS_HAS_PUR_POI_001,manufacturing_graph_node/purchase_order:entity:structural:system:none:none,manufacturing_graph_node/purchase_order:po_id:structural:system:none:none,structural,has_column,system,SYS_HAS_PUR_POI_001,,,,,,,,
193,purchase_order:supplier_id:structural:system:has_column:SYS_HAS_PUR_SUP_001,manufacturing_graph_edge/purchase_order:supplier_id:structural:system:has_column:SYS_HAS_PUR_SUP_001,manufacturing_graph_node/purchase_order:entity:structural:system:none:none,manufacturing_graph_node/purchase_order:supplier_id:structural:system:none:none,structural,has_column,system,SYS_HAS_PUR_SUP_001,,,,,,,,
194,purchase_order:po_type:structural:system:has_column:SYS_HAS_PUR_POT_001,manufacturing_graph_edge/purchase_order:po_type:structural:system:has_column:SYS_HAS_PUR_POT_001,manufacturing_graph_node/purchase_order:entity:structural:system:none:none,manufacturing_graph_node/purchase_order:po_type:structural:system:none:none,structural,has_column,system,SYS_HAS_PUR_POT_001,,,,,,,,
195,purchase_order:po_date:structural:system:has_column:SYS_HAS_PUR_POD_001,manufacturing_graph_edge/purchase_order:po_date:structural:system:has_column:SYS_HAS_PUR_POD_001,manufacturing_graph_node/purchase_order:entity:structural:system:none:none,manufacturing_graph_node/purchase_order:po_date:structural:system:none:none,structural,has_column,system,SYS_HAS_PUR_POD_001,,,,,,,,
196,purchase_order:required_date:structural:system:has_column:SYS_HAS_PUR_REQ_001,manufacturing_graph_edge/purchase_order:required_date:structural:system:has_column:SYS_HAS_PUR_REQ_001,manufacturing_graph_node/purchase_order:entity:structural:system:none:none,manufacturing_graph_node/purchase_order:required_date:structural:system:none:none,structural,has_column,system,SYS_HAS_PUR_REQ_001,,,,,,,,
197,purchase_order:status:structural:system:has_column:SYS_HAS_PUR_STA_001,manufacturing_graph_edge/purchase_order:status:structural:system:has_column:SYS_HAS_PUR_STA_001,manufacturing_graph_node/purchase_order:entity:structural:system:none:none,manufacturing_graph_node/purchase_order:status:structural:system:none:none,structural,has_column,system,SYS_HAS_PUR_STA_001,,,,,,,,
198,purchase_order:total_cost:structural:system:has_column:SYS_HAS_PUR_TOT_001,manufacturing_graph_edge/purchase_order:total_cost:structural:system:has_column:SYS_HAS_PUR_TOT_001,manufacturing_graph_node/purchase_order:entity:structural:system:none:none,manufacturing_graph_node/purchase_order:total_cost:structural:system:none:none,structural,has_column,system,SYS_HAS_PUR_TOT_001,,,,,,,,
199,purchase_order:wo_id:structural:system:has_column:SYS_HAS_PUR_WOI_001,manufacturing_graph_edge/purchase_order:wo_id:structural:system:has_column:SYS_HAS_PUR_WOI_001,manufacturing_graph_node/purchase_order:entity:structural:system:none:none,manufacturing_graph_node/purchase_order:wo_id:structural:system:none:none,structural,has_column,system,SYS_HAS_PUR_WOI_001,,,,,,,,
200,purchase_order:service_id:structural:system:has_column:SYS_HAS_PUR_SER_001,manufacturing_graph_edge/purchase_order:service_id:structural:system:has_column:SYS_HAS_PUR_SER_001,manufacturing_graph_node/purchase_order:entity:structural:system:none:none,manufacturing_graph_node/purchase_order:service_id:structural:system:none:none,structural,has_column,system,SYS_HAS_PUR_SER_001,,,,,,,,
201,purchase_order:buyer_id:structural:system:has_column:SYS_HAS_PUR_BUY_001,manufacturing_graph_edge/purchase_order:buyer_id:structural:system:has_column:SYS_HAS_PUR_BUY_001,manufacturing_graph_node/purchase_order:entity:structural:system:none:none,manufacturing_graph_node/purchase_order:buyer_id:structural:system:none:none,structural,has_column,system,SYS_HAS_PUR_BUY_001,,,,,,,,
202,purchase_order:site_id:structural:system:has_column:SYS_HAS_PUR_SIT_001,manufacturing_graph_edge/purchase_order:site_id:structural:system:has_column:SYS_HAS_PUR_SIT_001,manufacturing_graph_node/purchase_order:entity:structural:system:none:none,manufacturing_graph_node/purchase_order:site_id:structural:system:none:none,structural,has_column,system,SYS_HAS_PUR_SIT_001,,,,,,,,
203,purchase_order:created_at:structural:system:has_column:SYS_HAS_PUR_CRE_001,manufacturing_graph_edge/purchase_order:created_at:structural:system:has_column:SYS_HAS_PUR_CRE_001,manufacturing_graph_node/purchase_order:entity:structural:system:none:none,manufacturing_graph_node/purchase_order:created_at:structural:system:none:none,structural,has_column,system,SYS_HAS_PUR_CRE_001,,,,,,,,
204,receivable:invoice_id:structural:system:has_column:SYS_HAS_REC_INV_002,manufacturing_graph_edge/receivable:invoice_id:structural:system:has_column:SYS_HAS_REC_INV_002,manufacturing_graph_node/receivable:entity:structural:system:none:none,manufacturing_graph_node/receivable:invoice_id:structural:system:none:none,structural,has_column,system,SYS_HAS_REC_INV_002,,,,,,,,
205,receivable:order_id:structural:system:has_column:SYS_HAS_REC_ORD_001,manufacturing_graph_edge/receivable:order_id:structural:system:has_column:SYS_HAS_REC_ORD_001,manufacturing_graph_node/receivable:entity:structural:system:none:none,manufacturing_graph_node/receivable:order_id:structural:system:none:none,structural,has_column,system,SYS_HAS_REC_ORD_001,,,,,,,,
206,receivable:customer_name:structural:system:has_column:SYS_HAS_REC_CUS_001,manufacturing_graph_edge/receivable:customer_name:structural:system:has_column:SYS_HAS_REC_CUS_001,manufacturing_graph_node/receivable:entity:structural:system:none:none,manufacturing_graph_node/receivable:customer_name:structural:system:none:none,structural,has_column,system,SYS_HAS_REC_CUS_001,,,,,,,,
207,receivable:invoice_number:structural:system:has_column:SYS_HAS_REC_INV_003,manufacturing_graph_edge/receivable:invoice_number:structural:system:has_column:SYS_HAS_REC_INV_003,manufacturing_graph_node/receivable:entity:structural:system:none:none,manufacturing_graph_node/receivable:invoice_number:structural:system:none:none,structural,has_column,system,SYS_HAS_REC_INV_003,,,,,,,,
208,receivable:invoice_date:structural:system:has_column:SYS_HAS_REC_INV_001,manufacturing_graph_edge/receivable:invoice_date:structural:system:has_column:SYS_HAS_REC_INV_001,manufacturing_graph_node/receivable:entity:structural:system:none:none,manufacturing_graph_node/receivable:invoice_date:structural:system:none:none,structural,has_column,system,SYS_HAS_REC_INV_001,,,,,,,,
209,receivable:due_date:structural:system:has_column:SYS_HAS_REC_DUE_001,manufacturing_graph_edge/receivable:due_date:structural:system:has_column:SYS_HAS_REC_DUE_001,manufacturing_graph_node/receivable:entity:structural:system:none:none,manufacturing_graph_node/receivable:due_date:structural:system:none:none,structural,has_column,system,SYS_HAS_REC_DUE_001,,,,,,,,
210,receivable:amount_dollars:structural:system:has_column:SYS_HAS_REC_AMO_001,manufacturing_graph_edge/receivable:amount_dollars:structural:system:has_column:SYS_HAS_REC_AMO_001,manufacturing_graph_node/receivable:entity:structural:system:none:none,manufacturing_graph_node/receivable:amount_dollars:structural:system:none:none,structural,has_column,system,SYS_HAS_REC_AMO_001,,,,,,,,
211,receivable:status:structural:system:has_column:SYS_HAS_REC_STA_001,manufacturing_graph_edge/receivable:status:structural:system:has_column:SYS_HAS_REC_STA_001,manufacturing_graph_node/receivable:entity:structural:system:none:none,manufacturing_graph_node/receivable:status:structural:system:none:none,structural,has_column,system,SYS_HAS_REC_STA_001,,,,,,,,
212,receivable:payment_date:structural:system:has_column:SYS_HAS_REC_PAY_001,manufacturing_graph_edge/receivable:payment_date:structural:system:has_column:SYS_HAS_REC_PAY_001,manufacturing_graph_node/receivable:entity:structural:system:none:none,manufacturing_graph_node/receivable:payment_date:structural:system:none:none,structural,has_column,system,SYS_HAS_REC_PAY_001,,,,,,,,
213,receivable:created_at:structural:system:has_column:SYS_HAS_REC_CRE_001,manufacturing_graph_edge/receivable:created_at:structural:system:has_column:SYS_HAS_REC_CRE_001,manufacturing_graph_node/receivable:entity:structural:system:none:none,manufacturing_graph_node/receivable:created_at:structural:system:none:none,structural,has_column,system,SYS_HAS_REC_CRE_001,,,,,,,,
214,receivable_line:receivable_line_id:structural:system:has_column:SYS_HAS_REC_REC_001,manufacturing_graph_edge/receivable_line:receivable_line_id:structural:system:has_column:SYS_HAS_REC_REC_001,manufacturing_graph_node/receivable_line:entity:structural:system:none:none,manufacturing_graph_node/receivable_line:receivable_line_id:structural:system:none:none,structural,has_column,system,SYS_HAS_REC_REC_001,,,,,,,,
215,receivable_line:invoice_id:structural:system:has_column:SYS_HAS_REC_INV_004,manufacturing_graph_edge/receivable_line:invoice_id:structural:system:has_column:SYS_HAS_REC_INV_004,manufacturing_graph_node/receivable_line:entity:structural:system:none:none,manufacturing_graph_node/receivable_line:invoice_id:structural:system:none:none,structural,has_column,system,SYS_HAS_REC_INV_004,,,,,,,,
216,receivable_line:line_no:structural:system:has_column:SYS_HAS_REC_LIN_001,manufacturing_graph_edge/receivable_line:line_no:structural:system:has_column:SYS_HAS_REC_LIN_001,manufacturing_graph_node/receivable_line:entity:structural:system:none:none,manufacturing_graph_node/receivable_line:line_no:structural:system:none:none,structural,has_column,system,SYS_HAS_REC_LIN_001,,,,,,,,
217,receivable_line:order_id:structural:system:has_column:SYS_HAS_REC_ORD_002,manufacturing_graph_edge/receivable_line:order_id:structural:system:has_column:SYS_HAS_REC_ORD_002,manufacturing_graph_node/receivable_line:entity:structural:system:none:none,manufacturing_graph_node/receivable_line:order_id:structural:system:none:none,structural,has_column,system,SYS_HAS_REC_ORD_002,,,,,,,,
218,receivable_line:part_id:structural:system:has_column:SYS_HAS_REC_PAR_001,manufacturing_graph_edge/receivable_line:part_id:structural:system:has_column:SYS_HAS_REC_PAR_001,manufacturing_graph_node/receivable_line:entity:structural:system:none:none,manufacturing_graph_node/receivable_line:part_id:structural:system:none:none,structural,has_column,system,SYS_HAS_REC_PAR_001,,,,,,,,
219,receivable_line:qty:structural:system:has_column:SYS_HAS_REC_QTY_001,manufacturing_graph_edge/receivable_line:qty:structural:system:has_column:SYS_HAS_REC_QTY_001,manufacturing_graph_node/receivable_line:entity:structural:system:none:none,manufacturing_graph_node/receivable_line:qty:structural:system:none:none,structural,has_column,system,SYS_HAS_REC_QTY_001,,,,,,,,
220,receivable_line:amount:structural:system:has_column:SYS_HAS_REC_AMO_002,manufacturing_graph_edge/receivable_line:amount:structural:system:has_column:SYS_HAS_REC_AMO_002,manufacturing_graph_node/receivable_line:entity:structural:system:none:none,manufacturing_graph_node/receivable_line:amount:structural:system:none:none,structural,has_column,system,SYS_HAS_REC_AMO_002,,,,,,,,
221,receivable_line:order_line_id:structural:system:has_column:SYS_HAS_REC_ORD_003,manufacturing_graph_edge/receivable_line:order_line_id:structural:system:has_column:SYS_HAS_REC_ORD_003,manufacturing_graph_node/receivable_line:entity:structural:system:none:none,manufacturing_graph_node/receivable_line:order_line_id:structural:system:none:none,structural,has_column,system,SYS_HAS_REC_ORD_003,,,,,,,,
222,receivable_line:shipment_line_id:structural:system:has_column:SYS_HAS_REC_SHI_001,manufacturing_graph_edge/receivable_line:shipment_line_id:structural:system:has_column:SYS_HAS_REC_SHI_001,manufacturing_graph_node/receivable_line:entity:structural:system:none:none,manufacturing_graph_node/receivable_line:shipment_line_id:structural:system:none:none,structural,has_column,system,SYS_HAS_REC_SHI_001,,,,,,,,
223,receivable_line:created_at:structural:system:has_column:SYS_HAS_REC_CRE_002,manufacturing_graph_edge/receivable_line:created_at:structural:system:has_column:SYS_HAS_REC_CRE_002,manufacturing_graph_node/receivable_line:entity:structural:system:none:none,manufacturing_graph_node/receivable_line:created_at:structural:system:none:none,structural,has_column,system,SYS_HAS_REC_CRE_002,,,,,,,,
224,receivable_payment:payment_id:structural:system:has_column:SYS_HAS_REC_PAY_003,manufacturing_graph_edge/receivable_payment:payment_id:structural:system:has_column:SYS_HAS_REC_PAY_003,manufacturing_graph_node/receivable_payment:entity:structural:system:none:none,manufacturing_graph_node/receivable_payment:payment_id:structural:system:none:none,structural,has_column,system,SYS_HAS_REC_PAY_003,,,,,,,,
225,receivable_payment:invoice_id:structural:system:has_column:SYS_HAS_REC_INV_005,manufacturing_graph_edge/receivable_payment:invoice_id:structural:system:has_column:SYS_HAS_REC_INV_005,manufacturing_graph_node/receivable_payment:entity:structural:system:none:none,manufacturing_graph_node/receivable_payment:invoice_id:structural:system:none:none,structural,has_column,system,SYS_HAS_REC_INV_005,,,,,,,,
226,receivable_payment:installment_no:structural:system:has_column:SYS_HAS_REC_INS_001,manufacturing_graph_edge/receivable_payment:installment_no:structural:system:has_column:SYS_HAS_REC_INS_001,manufacturing_graph_node/receivable_payment:entity:structural:system:none:none,manufacturing_graph_node/receivable_payment:installment_no:structural:system:none:none,structural,has_column,system,SYS_HAS_REC_INS_001,,,,,,,,
227,receivable_payment:payment_date:structural:system:has_column:SYS_HAS_REC_PAY_002,manufacturing_graph_edge/receivable_payment:payment_date:structural:system:has_column:SYS_HAS_REC_PAY_002,manufacturing_graph_node/receivable_payment:entity:structural:system:none:none,manufacturing_graph_node/receivable_payment:payment_date:structural:system:none:none,structural,has_column,system,SYS_HAS_REC_PAY_002,,,,,,,,
228,receivable_payment:amount:structural:system:has_column:SYS_HAS_REC_AMO_003,manufacturing_graph_edge/receivable_payment:amount:structural:system:has_column:SYS_HAS_REC_AMO_003,manufacturing_graph_node/receivable_payment:entity:structural:system:none:none,manufacturing_graph_node/receivable_payment:amount:structural:system:none:none,structural,has_column,system,SYS_HAS_REC_AMO_003,,,,,,,,
229,receivable_payment:source_event_id:structural:system:has_column:SYS_HAS_REC_SOU_001,manufacturing_graph_edge/receivable_payment:source_event_id:structural:system:has_column:SYS_HAS_REC_SOU_001,manufacturing_graph_node/receivable_payment:entity:structural:system:none:none,manufacturing_graph_node/receivable_payment:source_event_id:structural:system:none:none,structural,has_column,system,SYS_HAS_REC_SOU_001,,,,,,,,
230,receivable_payment:created_at:structural:system:has_column:SYS_HAS_REC_CRE_003,manufacturing_graph_edge/receivable_payment:created_at:structural:system:has_column:SYS_HAS_REC_CRE_003,manufacturing_graph_node/receivable_payment:entity:structural:system:none:none,manufacturing_graph_node/receivable_payment:created_at:structural:system:none:none,structural,has_column,system,SYS_HAS_REC_CRE_003,,,,,,,,
231,receiving:receipt_id:structural:system:has_column:SYS_HAS_REC_REC_003,manufacturing_graph_edge/receiving:receipt_id:structural:system:has_column:SYS_HAS_REC_REC_003,manufacturing_graph_node/receiving:entity:structural:system:none:none,manufacturing_graph_node/receiving:receipt_id:structural:system:none:none,structural,has_column,system,SYS_HAS_REC_REC_003,,,,,,,,
232,receiving:po_id:structural:system:has_column:SYS_HAS_REC_POI_001,manufacturing_graph_edge/receiving:po_id:structural:system:has_column:SYS_HAS_REC_POI_001,manufacturing_graph_node/receiving:entity:structural:system:none:none,manufacturing_graph_node/receiving:po_id:structural:system:none:none,structural,has_column,system,SYS_HAS_REC_POI_001,,,,,,,,
233,receiving:supplier_id:structural:system:has_column:SYS_HAS_REC_SUP_001,manufacturing_graph_edge/receiving:supplier_id:structural:system:has_column:SYS_HAS_REC_SUP_001,manufacturing_graph_node/receiving:entity:structural:system:none:none,manufacturing_graph_node/receiving:supplier_id:structural:system:none:none,structural,has_column,system,SYS_HAS_REC_SUP_001,,,,,,,,
234,receiving:part_id:structural:system:has_column:SYS_HAS_REC_PAR_002,manufacturing_graph_edge/receiving:part_id:structural:system:has_column:SYS_HAS_REC_PAR_002,manufacturing_graph_node/receiving:entity:structural:system:none:none,manufacturing_graph_node/receiving:part_id:structural:system:none:none,structural,has_column,system,SYS_HAS_REC_PAR_002,,,,,,,,
235,receiving:quantity_ordered:structural:system:has_column:SYS_HAS_REC_QUA_001,manufacturing_graph_edge/receiving:quantity_ordered:structural:system:has_column:SYS_HAS_REC_QUA_001,manufacturing_graph_node/receiving:entity:structural:system:none:none,manufacturing_graph_node/receiving:quantity_ordered:structural:system:none:none,structural,has_column,system,SYS_HAS_REC_QUA_001,,,,,,,,
236,receiving:quantity_received:structural:system:has_column:SYS_HAS_REC_QUA_002,manufacturing_graph_edge/receiving:quantity_received:structural:system:has_column:SYS_HAS_REC_QUA_002,manufacturing_graph_node/receiving:entity:structural:system:none:none,manufacturing_graph_node/receiving:quantity_received:structural:system:none:none,structural,has_column,system,SYS_HAS_REC_QUA_002,,,,,,,,
237,receiving:receipt_date:structural:system:has_column:SYS_HAS_REC_REC_002,manufacturing_graph_edge/receiving:receipt_date:structural:system:has_column:SYS_HAS_REC_REC_002,manufacturing_graph_node/receiving:entity:structural:system:none:none,manufacturing_graph_node/receiving:receipt_date:structural:system:none:none,structural,has_column,system,SYS_HAS_REC_REC_002,,,,,,,,
238,receiving:received_date:structural:system:has_column:SYS_HAS_REC_REC_004,manufacturing_graph_edge/receiving:received_date:structural:system:has_column:SYS_HAS_REC_REC_004,manufacturing_graph_node/receiving:entity:structural:system:none:none,manufacturing_graph_node/receiving:received_date:structural:system:none:none,structural,has_column,system,SYS_HAS_REC_REC_004,,,,,,,,
239,receiving:inspection_status:structural:system:has_column:SYS_HAS_REC_INS_002,manufacturing_graph_edge/receiving:inspection_status:structural:system:has_column:SYS_HAS_REC_INS_002,manufacturing_graph_node/receiving:entity:structural:system:none:none,manufacturing_graph_node/receiving:inspection_status:structural:system:none:none,structural,has_column,system,SYS_HAS_REC_INS_002,,,,,,,,
240,receiving:cert_required:structural:system:has_column:SYS_HAS_REC_CER_001,manufacturing_graph_edge/receiving:cert_required:structural:system:has_column:SYS_HAS_REC_CER_001,manufacturing_graph_node/receiving:entity:structural:system:none:none,manufacturing_graph_node/receiving:cert_required:structural:system:none:none,structural,has_column,system,SYS_HAS_REC_CER_001,,,,,,,,
241,receiving:created_at:structural:system:has_column:SYS_HAS_REC_CRE_004,manufacturing_graph_edge/receiving:created_at:structural:system:has_column:SYS_HAS_REC_CRE_004,manufacturing_graph_node/receiving:entity:structural:system:none:none,manufacturing_graph_node/receiving:created_at:structural:system:none:none,structural,has_column,system,SYS_HAS_REC_CRE_004,,,,,,,,
242,receiving_line:receipt_line_id:structural:system:has_column:SYS_HAS_REC_REC_006,manufacturing_graph_edge/receiving_line:receipt_line_id:structural:system:has_column:SYS_HAS_REC_REC_006,manufacturing_graph_node/receiving_line:entity:structural:system:none:none,manufacturing_graph_node/receiving_line:receipt_line_id:structural:system:none:none,structural,has_column,system,SYS_HAS_REC_REC_006,,,,,,,,
243,receiving_line:receipt_id:structural:system:has_column:SYS_HAS_REC_REC_005,manufacturing_graph_edge/receiving_line:receipt_id:structural:system:has_column:SYS_HAS_REC_REC_005,manufacturing_graph_node/receiving_line:entity:structural:system:none:none,manufacturing_graph_node/receiving_line:receipt_id:structural:system:none:none,structural,has_column,system,SYS_HAS_REC_REC_005,,,,,,,,
244,receiving_line:line_no:structural:system:has_column:SYS_HAS_REC_LIN_002,manufacturing_graph_edge/receiving_line:line_no:structural:system:has_column:SYS_HAS_REC_LIN_002,manufacturing_graph_node/receiving_line:entity:structural:system:none:none,manufacturing_graph_node/receiving_line:line_no:structural:system:none:none,structural,has_column,system,SYS_HAS_REC_LIN_002,,,,,,,,
245,receiving_line:po_line_id:structural:system:has_column:SYS_HAS_REC_POL_001,manufacturing_graph_edge/receiving_line:po_line_id:structural:system:has_column:SYS_HAS_REC_POL_001,manufacturing_graph_node/receiving_line:entity:structural:system:none:none,manufacturing_graph_node/receiving_line:po_line_id:structural:system:none:none,structural,has_column,system,SYS_HAS_REC_POL_001,,,,,,,,
246,receiving_line:part_id:structural:system:has_column:SYS_HAS_REC_PAR_003,manufacturing_graph_edge/receiving_line:part_id:structural:system:has_column:SYS_HAS_REC_PAR_003,manufacturing_graph_node/receiving_line:entity:structural:system:none:none,manufacturing_graph_node/receiving_line:part_id:structural:system:none:none,structural,has_column,system,SYS_HAS_REC_PAR_003,,,,,,,,
247,receiving_line:quantity_ordered:structural:system:has_column:SYS_HAS_REC_QUA_003,manufacturing_graph_edge/receiving_line:quantity_ordered:structural:system:has_column:SYS_HAS_REC_QUA_003,manufacturing_graph_node/receiving_line:entity:structural:system:none:none,manufacturing_graph_node/receiving_line:quantity_ordered:structural:system:none:none,structural,has_column,system,SYS_HAS_REC_QUA_003,,,,,,,,
248,receiving_line:quantity_received:structural:system:has_column:SYS_HAS_REC_QUA_004,manufacturing_graph_edge/receiving_line:quantity_received:structural:system:has_column:SYS_HAS_REC_QUA_004,manufacturing_graph_node/receiving_line:entity:structural:system:none:none,manufacturing_graph_node/receiving_line:quantity_received:structural:system:none:none,structural,has_column,system,SYS_HAS_REC_QUA_004,,,,,,,,
249,receiving_line:inspection_status:structural:system:has_column:SYS_HAS_REC_INS_003,manufacturing_graph_edge/receiving_line:inspection_status:structural:system:has_column:SYS_HAS_REC_INS_003,manufacturing_graph_node/receiving_line:entity:structural:system:none:none,manufacturing_graph_node/receiving_line:inspection_status:structural:system:none:none,structural,has_column,system,SYS_HAS_REC_INS_003,,,,,,,,
250,receiving_line:cert_required:structural:system:has_column:SYS_HAS_REC_CER_002,manufacturing_graph_edge/receiving_line:cert_required:structural:system:has_column:SYS_HAS_REC_CER_002,manufacturing_graph_node/receiving_line:entity:structural:system:none:none,manufacturing_graph_node/receiving_line:cert_required:structural:system:none:none,structural,has_column,system,SYS_HAS_REC_CER_002,,,,,,,,
251,receiving_line:created_at:structural:system:has_column:SYS_HAS_REC_CRE_005,manufacturing_graph_edge/receiving_line:created_at:structural:system:has_column:SYS_HAS_REC_CRE_005,manufacturing_graph_node/receiving_line:entity:structural:system:none:none,manufacturing_graph_node/receiving_line:created_at:structural:system:none:none,structural,has_column,system,SYS_HAS_REC_CRE_005,,,,,,,,
252,requirement:requirement_id:structural:system:has_column:SYS_HAS_REQ_REQ_001,manufacturing_graph_edge/requirement:requirement_id:structural:system:has_column:SYS_HAS_REQ_REQ_001,manufacturing_graph_node/requirement:entity:structural:system:none:none,manufacturing_graph_node/requirement:requirement_id:structural:system:none:none,structural,has_column,system,SYS_HAS_REQ_REQ_001,,,,,,,,
253,requirement:component_type:structural:system:has_column:SYS_HAS_REQ_COM_002,manufacturing_graph_edge/requirement:component_type:structural:system:has_column:SYS_HAS_REQ_COM_002,manufacturing_graph_node/requirement:entity:structural:system:none:none,manufacturing_graph_node/requirement:component_type:structural:system:none:none,structural,has_column,system,SYS_HAS_REQ_COM_002,,,,,,,,
254,requirement:component_id:structural:system:has_column:SYS_HAS_REQ_COM_001,manufacturing_graph_edge/requirement:component_id:structural:system:has_column:SYS_HAS_REQ_COM_001,manufacturing_graph_node/requirement:entity:structural:system:none:none,manufacturing_graph_node/requirement:component_id:structural:system:none:none,structural,has_column,system,SYS_HAS_REQ_COM_001,,,,,,,,
255,requirement:requirement_level:structural:system:has_column:SYS_HAS_REQ_REQ_002,manufacturing_graph_edge/requirement:requirement_level:structural:system:has_column:SYS_HAS_REQ_REQ_002,manufacturing_graph_node/requirement:entity:structural:system:none:none,manufacturing_graph_node/requirement:requirement_level:structural:system:none:none,structural,has_column,system,SYS_HAS_REQ_REQ_002,,,,,,,,
256,requirement:requirement_type:structural:system:has_column:SYS_HAS_REQ_REQ_003,manufacturing_graph_edge/requirement:requirement_type:structural:system:has_column:SYS_HAS_REQ_REQ_003,manufacturing_graph_node/requirement:entity:structural:system:none:none,manufacturing_graph_node/requirement:requirement_type:structural:system:none:none,structural,has_column,system,SYS_HAS_REQ_REQ_003,,,,,,,,
257,requirement:operation_seq:structural:system:has_column:SYS_HAS_REQ_OPE_002,manufacturing_graph_edge/requirement:operation_seq:structural:system:has_column:SYS_HAS_REQ_OPE_002,manufacturing_graph_node/requirement:entity:structural:system:none:none,manufacturing_graph_node/requirement:operation_seq:structural:system:none:none,structural,has_column,system,SYS_HAS_REQ_OPE_002,,,,,,,,
258,requirement:operation_rowid:structural:system:has_column:SYS_HAS_REQ_OPE_001,manufacturing_graph_edge/requirement:operation_rowid:structural:system:has_column:SYS_HAS_REQ_OPE_001,manufacturing_graph_node/requirement:entity:structural:system:none:none,manufacturing_graph_node/requirement:operation_rowid:structural:system:none:none,structural,has_column,system,SYS_HAS_REQ_OPE_001,,,,,,,,
259,requirement:material_part_id:structural:system:has_column:SYS_HAS_REQ_MAT_001,manufacturing_graph_edge/requirement:material_part_id:structural:system:has_column:SYS_HAS_REQ_MAT_001,manufacturing_graph_node/requirement:entity:structural:system:none:none,manufacturing_graph_node/requirement:material_part_id:structural:system:none:none,structural,has_column,system,SYS_HAS_REQ_MAT_001,,,,,,,,
260,requirement:std_qty:structural:system:has_column:SYS_HAS_REQ_STD_001,manufacturing_graph_edge/requirement:std_qty:structural:system:has_column:SYS_HAS_REQ_STD_001,manufacturing_graph_node/requirement:entity:structural:system:none:none,manufacturing_graph_node/requirement:std_qty:structural:system:none:none,structural,has_column,system,SYS_HAS_REQ_STD_001,,,,,,,,
261,requirement:actual_qty:structural:system:has_column:SYS_HAS_REQ_ACT_001,manufacturing_graph_edge/requirement:actual_qty:structural:system:has_column:SYS_HAS_REQ_ACT_001,manufacturing_graph_node/requirement:entity:structural:system:none:none,manufacturing_graph_node/requirement:actual_qty:structural:system:none:none,structural,has_column,system,SYS_HAS_REQ_ACT_001,,,,,,,,
262,requirement:unit_cost:structural:system:has_column:SYS_HAS_REQ_UNI_001,manufacturing_graph_edge/requirement:unit_cost:structural:system:has_column:SYS_HAS_REQ_UNI_001,manufacturing_graph_node/requirement:entity:structural:system:none:none,manufacturing_graph_node/requirement:unit_cost:structural:system:none:none,structural,has_column,system,SYS_HAS_REQ_UNI_001,,,,,,,,
263,requirement:extended_cost:structural:system:has_column:SYS_HAS_REQ_EXT_001,manufacturing_graph_edge/requirement:extended_cost:structural:system:has_column:SYS_HAS_REQ_EXT_001,manufacturing_graph_node/requirement:entity:structural:system:none:none,manufacturing_graph_node/requirement:extended_cost:structural:system:none:none,structural,has_column,system,SYS_HAS_REQ_EXT_001,,,,,,,,
264,requirement:created_at:structural:system:has_column:SYS_HAS_REQ_CRE_001,manufacturing_graph_edge/requirement:created_at:structural:system:has_column:SYS_HAS_REQ_CRE_001,manufacturing_graph_node/requirement:entity:structural:system:none:none,manufacturing_graph_node/requirement:created_at:structural:system:none:none,structural,has_column,system,SYS_HAS_REQ_CRE_001,,,,,,,,
265,service:service_id:structural:system:has_column:SYS_HAS_SER_SER_001,manufacturing_graph_edge/service:service_id:structural:system:has_column:SYS_HAS_SER_SER_001,manufacturing_graph_node/service:entity:structural:system:none:none,manufacturing_graph_node/service:service_id:structural:system:none:none,structural,has_column,system,SYS_HAS_SER_SER_001,,,,,,,,
266,service:description:structural:system:has_column:SYS_HAS_SER_DES_001,manufacturing_graph_edge/service:description:structural:system:has_column:SYS_HAS_SER_DES_001,manufacturing_graph_node/service:entity:structural:system:none:none,manufacturing_graph_node/service:description:structural:system:none:none,structural,has_column,system,SYS_HAS_SER_DES_001,,,,,,,,
267,service:default_vendor:structural:system:has_column:SYS_HAS_SER_DEF_001,manufacturing_graph_edge/service:default_vendor:structural:system:has_column:SYS_HAS_SER_DEF_001,manufacturing_graph_node/service:entity:structural:system:none:none,manufacturing_graph_node/service:default_vendor:structural:system:none:none,structural,has_column,system,SYS_HAS_SER_DEF_001,,,,,,,,
268,service:base_charge:structural:system:has_column:SYS_HAS_SER_BAS_001,manufacturing_graph_edge/service:base_charge:structural:system:has_column:SYS_HAS_SER_BAS_001,manufacturing_graph_node/service:entity:structural:system:none:none,manufacturing_graph_node/service:base_charge:structural:system:none:none,structural,has_column,system,SYS_HAS_SER_BAS_001,,,,,,,,
269,service:created_at:structural:system:has_column:SYS_HAS_SER_CRE_001,manufacturing_graph_edge/service:created_at:structural:system:has_column:SYS_HAS_SER_CRE_001,manufacturing_graph_node/service:entity:structural:system:none:none,manufacturing_graph_node/service:created_at:structural:system:none:none,structural,has_column,system,SYS_HAS_SER_CRE_001,,,,,,,,
270,shop_resource:resource_id:structural:system:has_column:SYS_HAS_SHO_RES_001,manufacturing_graph_edge/shop_resource:resource_id:structural:system:has_column:SYS_HAS_SHO_RES_001,manufacturing_graph_node/shop_resource:entity:structural:system:none:none,manufacturing_graph_node/shop_resource:resource_id:structural:system:none:none,structural,has_column,system,SYS_HAS_SHO_RES_001,,,,,,,,
271,shop_resource:description:structural:system:has_column:SYS_HAS_SHO_DES_001,manufacturing_graph_edge/shop_resource:description:structural:system:has_column:SYS_HAS_SHO_DES_001,manufacturing_graph_node/shop_resource:entity:structural:system:none:none,manufacturing_graph_node/shop_resource:description:structural:system:none:none,structural,has_column,system,SYS_HAS_SHO_DES_001,,,,,,,,
272,shop_resource:resource_type:structural:system:has_column:SYS_HAS_SHO_RES_002,manufacturing_graph_edge/shop_resource:resource_type:structural:system:has_column:SYS_HAS_SHO_RES_002,manufacturing_graph_node/shop_resource:entity:structural:system:none:none,manufacturing_graph_node/shop_resource:resource_type:structural:system:none:none,structural,has_column,system,SYS_HAS_SHO_RES_002,,,,,,,,
273,shop_resource:run_cost_per_hr:structural:system:has_column:SYS_HAS_SHO_RUN_001,manufacturing_graph_edge/shop_resource:run_cost_per_hr:structural:system:has_column:SYS_HAS_SHO_RUN_001,manufacturing_graph_node/shop_resource:entity:structural:system:none:none,manufacturing_graph_node/shop_resource:run_cost_per_hr:structural:system:none:none,structural,has_column,system,SYS_HAS_SHO_RUN_001,,,,,,,,
274,shop_resource:bur_per_hr_run:structural:system:has_column:SYS_HAS_SHO_BUR_001,manufacturing_graph_edge/shop_resource:bur_per_hr_run:structural:system:has_column:SYS_HAS_SHO_BUR_001,manufacturing_graph_node/shop_resource:entity:structural:system:none:none,manufacturing_graph_node/shop_resource:bur_per_hr_run:structural:system:none:none,structural,has_column,system,SYS_HAS_SHO_BUR_001,,,,,,,,
275,shop_resource:active:structural:system:has_column:SYS_HAS_SHO_ACT_001,manufacturing_graph_edge/shop_resource:active:structural:system:has_column:SYS_HAS_SHO_ACT_001,manufacturing_graph_node/shop_resource:entity:structural:system:none:none,manufacturing_graph_node/shop_resource:active:structural:system:none:none,structural,has_column,system,SYS_HAS_SHO_ACT_001,,,,,,,,
276,shop_resource:created_at:structural:system:has_column:SYS_HAS_SHO_CRE_001,manufacturing_graph_edge/shop_resource:created_at:structural:system:has_column:SYS_HAS_SHO_CRE_001,manufacturing_graph_node/shop_resource:entity:structural:system:none:none,manufacturing_graph_node/shop_resource:created_at:structural:system:none:none,structural,has_column,system,SYS_HAS_SHO_CRE_001,,,,,,,,
277,site:site_id:structural:system:has_column:SYS_HAS_SIT_SIT_001,manufacturing_graph_edge/site:site_id:structural:system:has_column:SYS_HAS_SIT_SIT_001,manufacturing_graph_node/site:entity:structural:system:none:none,manufacturing_graph_node/site:site_id:structural:system:none:none,structural,has_column,system,SYS_HAS_SIT_SIT_001,,,,,,,,
278,site:site_name:structural:system:has_column:SYS_HAS_SIT_SIT_002,manufacturing_graph_edge/site:site_name:structural:system:has_column:SYS_HAS_SIT_SIT_002,manufacturing_graph_node/site:entity:structural:system:none:none,manufacturing_graph_node/site:site_name:structural:system:none:none,structural,has_column,system,SYS_HAS_SIT_SIT_002,,,,,,,,
279,site:region:structural:system:has_column:SYS_HAS_SIT_REG_001,manufacturing_graph_edge/site:region:structural:system:has_column:SYS_HAS_SIT_REG_001,manufacturing_graph_node/site:entity:structural:system:none:none,manufacturing_graph_node/site:region:structural:system:none:none,structural,has_column,system,SYS_HAS_SIT_REG_001,,,,,,,,
280,site:created_at:structural:system:has_column:SYS_HAS_SIT_CRE_001,manufacturing_graph_edge/site:created_at:structural:system:has_column:SYS_HAS_SIT_CRE_001,manufacturing_graph_node/site:entity:structural:system:none:none,manufacturing_graph_node/site:created_at:structural:system:none:none,structural,has_column,system,SYS_HAS_SIT_CRE_001,,,,,,,,
281,suppliers:supplier_id:structural:system:has_column:SYS_HAS_SUP_SUP_001,manufacturing_graph_edge/suppliers:supplier_id:structural:system:has_column:SYS_HAS_SUP_SUP_001,manufacturing_graph_node/suppliers:entity:structural:system:none:none,manufacturing_graph_node/suppliers:supplier_id:structural:system:none:none,structural,has_column,system,SYS_HAS_SUP_SUP_001,,,,,,,,
282,suppliers:supplier_name:structural:system:has_column:SYS_HAS_SUP_SUP_002,manufacturing_graph_edge/suppliers:supplier_name:structural:system:has_column:SYS_HAS_SUP_SUP_002,manufacturing_graph_node/suppliers:entity:structural:system:none:none,manufacturing_graph_node/suppliers:supplier_name:structural:system:none:none,structural,has_column,system,SYS_HAS_SUP_SUP_002,,,,,,,,
283,suppliers:contact_email:structural:system:has_column:SYS_HAS_SUP_CON_001,manufacturing_graph_edge/suppliers:contact_email:structural:system:has_column:SYS_HAS_SUP_CON_001,manufacturing_graph_node/suppliers:entity:structural:system:none:none,manufacturing_graph_node/suppliers:contact_email:structural:system:none:none,structural,has_column,system,SYS_HAS_SUP_CON_001,,,,,,,,
284,suppliers:phone:structural:system:has_column:SYS_HAS_SUP_PHO_001,manufacturing_graph_edge/suppliers:phone:structural:system:has_column:SYS_HAS_SUP_PHO_001,manufacturing_graph_node/suppliers:entity:structural:system:none:none,manufacturing_graph_node/suppliers:phone:structural:system:none:none,structural,has_column,system,SYS_HAS_SUP_PHO_001,,,,,,,,
285,suppliers:address:structural:system:has_column:SYS_HAS_SUP_ADD_001,manufacturing_graph_edge/suppliers:address:structural:system:has_column:SYS_HAS_SUP_ADD_001,manufacturing_graph_node/suppliers:entity:structural:system:none:none,manufacturing_graph_node/suppliers:address:structural:system:none:none,structural,has_column,system,SYS_HAS_SUP_ADD_001,,,,,,,,
286,suppliers:performance_rating:structural:system:has_column:SYS_HAS_SUP_PER_001,manufacturing_graph_edge/suppliers:performance_rating:structural:system:has_column:SYS_HAS_SUP_PER_001,manufacturing_graph_node/suppliers:entity:structural:system:none:none,manufacturing_graph_node/suppliers:performance_rating:structural:system:none:none,structural,has_column,system,SYS_HAS_SUP_PER_001,,,,,,,,
287,suppliers:certification_level:structural:system:has_column:SYS_HAS_SUP_CER_001,manufacturing_graph_edge/suppliers:certification_level:structural:system:has_column:SYS_HAS_SUP_CER_001,manufacturing_graph_node/suppliers:entity:structural:system:none:none,manufacturing_graph_node/suppliers:certification_level:structural:system:none:none,structural,has_column,system,SYS_HAS_SUP_CER_001,,,,,,,,
288,suppliers:category:structural:system:has_column:SYS_HAS_SUP_CAT_001,manufacturing_graph_edge/suppliers:category:structural:system:has_column:SYS_HAS_SUP_CAT_001,manufacturing_graph_node/suppliers:entity:structural:system:none:none,manufacturing_graph_node/suppliers:category:structural:system:none:none,structural,has_column,system,SYS_HAS_SUP_CAT_001,,,,,,,,
289,suppliers:payment_terms:structural:system:has_column:SYS_HAS_SUP_PAY_001,manufacturing_graph_edge/suppliers:payment_terms:structural:system:has_column:SYS_HAS_SUP_PAY_001,manufacturing_graph_node/suppliers:entity:structural:system:none:none,manufacturing_graph_node/suppliers:payment_terms:structural:system:none:none,structural,has_column,system,SYS_HAS_SUP_PAY_001,,,,,,,,
290,suppliers:lead_time_days:structural:system:has_column:SYS_HAS_SUP_LEA_001,manufacturing_graph_edge/suppliers:lead_time_days:structural:system:has_column:SYS_HAS_SUP_LEA_001,manufacturing_graph_node/suppliers:entity:structural:system:none:none,manufacturing_graph_node/suppliers:lead_time_days:structural:system:none:none,structural,has_column,system,SYS_HAS_SUP_LEA_001,,,,,,,,
291,suppliers:outside_service:structural:system:has_column:SYS_HAS_SUP_OUT_001,manufacturing_graph_edge/suppliers:outside_service:structural:system:has_column:SYS_HAS_SUP_OUT_001,manufacturing_graph_node/suppliers:entity:structural:system:none:none,manufacturing_graph_node/suppliers:outside_service:structural:system:none:none,structural,has_column,system,SYS_HAS_SUP_OUT_001,,,,,,,,
292,suppliers:active:structural:system:has_column:SYS_HAS_SUP_ACT_001,manufacturing_graph_edge/suppliers:active:structural:system:has_column:SYS_HAS_SUP_ACT_001,manufacturing_graph_node/suppliers:entity:structural:system:none:none,manufacturing_graph_node/suppliers:active:structural:system:none:none,structural,has_column,system,SYS_HAS_SUP_ACT_001,,,,,,,,
293,suppliers:created_date:structural:system:has_column:SYS_HAS_SUP_CRE_001,manufacturing_graph_edge/suppliers:created_date:structural:system:has_column:SYS_HAS_SUP_CRE_001,manufacturing_graph_node/suppliers:entity:structural:system:none:none,manufacturing_graph_node/suppliers:created_date:structural:system:none:none,structural,has_column,system,SYS_HAS_SUP_CRE_001,,,,,,,,
294,trace:trace_id:structural:system:has_column:SYS_HAS_TRA_TRA_001,manufacturing_graph_edge/trace:trace_id:structural:system:has_column:SYS_HAS_TRA_TRA_001,manufacturing_graph_node/trace:entity:structural:system:none:none,manufacturing_graph_node/trace:trace_id:structural:system:none:none,structural,has_column,system,SYS_HAS_TRA_TRA_001,,,,,,,,
295,trace:part_id:structural:system:has_column:SYS_HAS_TRA_PAR_001,manufacturing_graph_edge/trace:part_id:structural:system:has_column:SYS_HAS_TRA_PAR_001,manufacturing_graph_node/trace:entity:structural:system:none:none,manufacturing_graph_node/trace:part_id:structural:system:none:none,structural,has_column,system,SYS_HAS_TRA_PAR_001,,,,,,,,
296,trace:lot_id:structural:system:has_column:SYS_HAS_TRA_LOT_001,manufacturing_graph_edge/trace:lot_id:structural:system:has_column:SYS_HAS_TRA_LOT_001,manufacturing_graph_node/trace:entity:structural:system:none:none,manufacturing_graph_node/trace:lot_id:structural:system:none:none,structural,has_column,system,SYS_HAS_TRA_LOT_001,,,,,,,,
297,trace:serial_id:structural:system:has_column:SYS_HAS_TRA_SER_001,manufacturing_graph_edge/trace:serial_id:structural:system:has_column:SYS_HAS_TRA_SER_001,manufacturing_graph_node/trace:entity:structural:system:none:none,manufacturing_graph_node/trace:serial_id:structural:system:none:none,structural,has_column,system,SYS_HAS_TRA_SER_001,,,,,,,,
298,trace:in_qty:structural:system:has_column:SYS_HAS_TRA_INQ_001,manufacturing_graph_edge/trace:in_qty:structural:system:has_column:SYS_HAS_TRA_INQ_001,manufacturing_graph_node/trace:entity:structural:system:none:none,manufacturing_graph_node/trace:in_qty:structural:system:none:none,structural,has_column,system,SYS_HAS_TRA_INQ_001,,,,,,,,
299,trace:out_qty:structural:system:has_column:SYS_HAS_TRA_OUT_001,manufacturing_graph_edge/trace:out_qty:structural:system:has_column:SYS_HAS_TRA_OUT_001,manufacturing_graph_node/trace:entity:structural:system:none:none,manufacturing_graph_node/trace:out_qty:structural:system:none:none,structural,has_column,system,SYS_HAS_TRA_OUT_001,,,,,,,,
300,trace:production_date:structural:system:has_column:SYS_HAS_TRA_PRO_001,manufacturing_graph_edge/trace:production_date:structural:system:has_column:SYS_HAS_TRA_PRO_001,manufacturing_graph_node/trace:entity:structural:system:none:none,manufacturing_graph_node/trace:production_date:structural:system:none:none,structural,has_column,system,SYS_HAS_TRA_PRO_001,,,,,,,,
301,trace:expiration_date:structural:system:has_column:SYS_HAS_TRA_EXP_001,manufacturing_graph_edge/trace:expiration_date:structural:system:has_column:SYS_HAS_TRA_EXP_001,manufacturing_graph_node/trace:entity:structural:system:none:none,manufacturing_graph_node/trace:expiration_date:structural:system:none:none,structural,has_column,system,SYS_HAS_TRA_EXP_001,,,,,,,,
302,trace:site_id:structural:system:has_column:SYS_HAS_TRA_SIT_001,manufacturing_graph_edge/trace:site_id:structural:system:has_column:SYS_HAS_TRA_SIT_001,manufacturing_graph_node/trace:entity:structural:system:none:none,manufacturing_graph_node/trace:site_id:structural:system:none:none,structural,has_column,system,SYS_HAS_TRA_SIT_001,,,,,,,,
303,trace:created_at:structural:system:has_column:SYS_HAS_TRA_CRE_001,manufacturing_graph_edge/trace:created_at:structural:system:has_column:SYS_HAS_TRA_CRE_001,manufacturing_graph_node/trace:entity:structural:system:none:none,manufacturing_graph_node/trace:created_at:structural:system:none:none,structural,has_column,system,SYS_HAS_TRA_CRE_001,,,,,,,,
304,trace_inventory_trace:trace_inv_id:structural:system:has_column:SYS_HAS_TRA_TRA_003,manufacturing_graph_edge/trace_inventory_trace:trace_inv_id:structural:system:has_column:SYS_HAS_TRA_TRA_003,manufacturing_graph_node/trace_inventory_trace:entity:structural:system:none:none,manufacturing_graph_node/trace_inventory_trace:trace_inv_id:structural:system:none:none,structural,has_column,system,SYS_HAS_TRA_TRA_003,,,,,,,,
305,trace_inventory_trace:part_id:structural:system:has_column:SYS_HAS_TRA_PAR_002,manufacturing_graph_edge/trace_inventory_trace:part_id:structural:system:has_column:SYS_HAS_TRA_PAR_002,manufacturing_graph_node/trace_inventory_trace:entity:structural:system:none:none,manufacturing_graph_node/trace_inventory_trace:part_id:structural:system:none:none,structural,has_column,system,SYS_HAS_TRA_PAR_002,,,,,,,,
306,trace_inventory_trace:trace_id:structural:system:has_column:SYS_HAS_TRA_TRA_002,manufacturing_graph_edge/trace_inventory_trace:trace_id:structural:system:has_column:SYS_HAS_TRA_TRA_002,manufacturing_graph_node/trace_inventory_trace:entity:structural:system:none:none,manufacturing_graph_node/trace_inventory_trace:trace_id:structural:system:none:none,structural,has_column,system,SYS_HAS_TRA_TRA_002,,,,,,,,
307,trace_inventory_trace:transaction_id:structural:system:has_column:SYS_HAS_TRA_TRA_004,manufacturing_graph_edge/trace_inventory_trace:transaction_id:structural:system:has_column:SYS_HAS_TRA_TRA_004,manufacturing_graph_node/trace_inventory_trace:entity:structural:system:none:none,manufacturing_graph_node/trace_inventory_trace:transaction_id:structural:system:none:none,structural,has_column,system,SYS_HAS_TRA_TRA_004,,,,,,,,
308,trace_inventory_trace:qty:structural:system:has_column:SYS_HAS_TRA_QTY_001,manufacturing_graph_edge/trace_inventory_trace:qty:structural:system:has_column:SYS_HAS_TRA_QTY_001,manufacturing_graph_node/trace_inventory_trace:entity:structural:system:none:none,manufacturing_graph_node/trace_inventory_trace:qty:structural:system:none:none,structural,has_column,system,SYS_HAS_TRA_QTY_001,,,,,,,,
309,trace_inventory_trace:created_at:structural:system:has_column:SYS_HAS_TRA_CRE_002,manufacturing_graph_edge/trace_inventory_trace:created_at:structural:system:has_column:SYS_HAS_TRA_CRE_002,manufacturing_graph_node/trace_inventory_trace:entity:structural:system:none:none,manufacturing_graph_node/trace_inventory_trace:created_at:structural:system:none:none,structural,has_column,system,SYS_HAS_TRA_CRE_002,,,,,,,,
310,warehouse:warehouse_id:structural:system:has_column:SYS_HAS_WAR_WAR_001,manufacturing_graph_edge/warehouse:warehouse_id:structural:system:has_column:SYS_HAS_WAR_WAR_001,manufacturing_graph_node/warehouse:entity:structural:system:none:none,manufacturing_graph_node/warehouse:warehouse_id:structural:system:none:none,structural,has_column,system,SYS_HAS_WAR_WAR_001,,,,,,,,
311,warehouse:description:structural:system:has_column:SYS_HAS_WAR_DES_001,manufacturing_graph_edge/warehouse:description:structural:system:has_column:SYS_HAS_WAR_DES_001,manufacturing_graph_node/warehouse:entity:structural:system:none:none,manufacturing_graph_node/warehouse:description:structural:system:none:none,structural,has_column,system,SYS_HAS_WAR_DES_001,,,,,,,,
312,warehouse:name:structural:system:has_column:SYS_HAS_WAR_NAM_001,manufacturing_graph_edge/warehouse:name:structural:system:has_column:SYS_HAS_WAR_NAM_001,manufacturing_graph_node/warehouse:entity:structural:system:none:none,manufacturing_graph_node/warehouse:name:structural:system:none:none,structural,has_column,system,SYS_HAS_WAR_NAM_001,,,,,,,,
313,warehouse:site_id:structural:system:has_column:SYS_HAS_WAR_SIT_001,manufacturing_graph_edge/warehouse:site_id:structural:system:has_column:SYS_HAS_WAR_SIT_001,manufacturing_graph_node/warehouse:entity:structural:system:none:none,manufacturing_graph_node/warehouse:site_id:structural:system:none:none,structural,has_column,system,SYS_HAS_WAR_SIT_001,,,,,,,,
314,warehouse:region_id:structural:system:has_column:SYS_HAS_WAR_REG_001,manufacturing_graph_edge/warehouse:region_id:structural:system:has_column:SYS_HAS_WAR_REG_001,manufacturing_graph_node/warehouse:entity:structural:system:none:none,manufacturing_graph_node/warehouse:region_id:structural:system:none:none,structural,has_column,system,SYS_HAS_WAR_REG_001,,,,,,,,
315,warehouse:independent:structural:system:has_column:SYS_HAS_WAR_IND_001,manufacturing_graph_edge/warehouse:independent:structural:system:has_column:SYS_HAS_WAR_IND_001,manufacturing_graph_node/warehouse:entity:structural:system:none:none,manufacturing_graph_node/warehouse:independent:structural:system:none:none,structural,has_column,system,SYS_HAS_WAR_IND_001,,,,,,,,
316,warehouse:mrp_exempt:structural:system:has_column:SYS_HAS_WAR_MRP_001,manufacturing_graph_edge/warehouse:mrp_exempt:structural:system:has_column:SYS_HAS_WAR_MRP_001,manufacturing_graph_node/warehouse:entity:structural:system:none:none,manufacturing_graph_node/warehouse:mrp_exempt:structural:system:none:none,structural,has_column,system,SYS_HAS_WAR_MRP_001,,,,,,,,
317,warehouse:created_at:structural:system:has_column:SYS_HAS_WAR_CRE_001,manufacturing_graph_edge/warehouse:created_at:structural:system:has_column:SYS_HAS_WAR_CRE_001,manufacturing_graph_node/warehouse:entity:structural:system:none:none,manufacturing_graph_node/warehouse:created_at:structural:system:none:none,structural,has_column,system,SYS_HAS_WAR_CRE_001,,,,,,,,
318,work_order:wo_id:structural:system:has_column:SYS_HAS_WOR_WOI_001,manufacturing_graph_edge/work_order:wo_id:structural:system:has_column:SYS_HAS_WOR_WOI_001,manufacturing_graph_node/work_order:entity:structural:system:none:none,manufacturing_graph_node/work_order:wo_id:structural:system:none:none,structural,has_column,system,SYS_HAS_WOR_WOI_001,,,,,,,,
319,work_order:workorder_type:structural:system:has_column:SYS_HAS_WOR_WOR_001,manufacturing_graph_edge/work_order:workorder_type:structural:system:has_column:SYS_HAS_WOR_WOR_001,manufacturing_graph_node/work_order:entity:structural:system:none:none,manufacturing_graph_node/work_order:workorder_type:structural:system:none:none,structural,has_column,system,SYS_HAS_WOR_WOR_001,,,,,,,,
320,work_order:part_id:structural:system:has_column:SYS_HAS_WOR_PAR_002,manufacturing_graph_edge/work_order:part_id:structural:system:has_column:SYS_HAS_WOR_PAR_002,manufacturing_graph_node/work_order:entity:structural:system:none:none,manufacturing_graph_node/work_order:part_id:structural:system:none:none,structural,has_column,system,SYS_HAS_WOR_PAR_002,,,,,,,,
321,work_order:part_description:structural:system:has_column:SYS_HAS_WOR_PAR_001,manufacturing_graph_edge/work_order:part_description:structural:system:has_column:SYS_HAS_WOR_PAR_001,manufacturing_graph_node/work_order:entity:structural:system:none:none,manufacturing_graph_node/work_order:part_description:structural:system:none:none,structural,has_column,system,SYS_HAS_WOR_PAR_001,,,,,,,,
322,work_order:quantity:structural:system:has_column:SYS_HAS_WOR_QUA_001,manufacturing_graph_edge/work_order:quantity:structural:system:has_column:SYS_HAS_WOR_QUA_001,manufacturing_graph_node/work_order:entity:structural:system:none:none,manufacturing_graph_node/work_order:quantity:structural:system:none:none,structural,has_column,system,SYS_HAS_WOR_QUA_001,,,,,,,,
323,work_order:status:structural:system:has_column:SYS_HAS_WOR_STA_001,manufacturing_graph_edge/work_order:status:structural:system:has_column:SYS_HAS_WOR_STA_001,manufacturing_graph_node/work_order:entity:structural:system:none:none,manufacturing_graph_node/work_order:status:structural:system:none:none,structural,has_column,system,SYS_HAS_WOR_STA_001,,,,,,,,
324,work_order:open_date:structural:system:has_column:SYS_HAS_WOR_OPE_001,manufacturing_graph_edge/work_order:open_date:structural:system:has_column:SYS_HAS_WOR_OPE_001,manufacturing_graph_node/work_order:entity:structural:system:none:none,manufacturing_graph_node/work_order:open_date:structural:system:none:none,structural,has_column,system,SYS_HAS_WOR_OPE_001,,,,,,,,
325,work_order:close_date:structural:system:has_column:SYS_HAS_WOR_CLO_001,manufacturing_graph_edge/work_order:close_date:structural:system:has_column:SYS_HAS_WOR_CLO_001,manufacturing_graph_node/work_order:entity:structural:system:none:none,manufacturing_graph_node/work_order:close_date:structural:system:none:none,structural,has_column,system,SYS_HAS_WOR_CLO_001,,,,,,,,
326,work_order:required_date:structural:system:has_column:SYS_HAS_WOR_REQ_001,manufacturing_graph_edge/work_order:required_date:structural:system:has_column:SYS_HAS_WOR_REQ_001,manufacturing_graph_node/work_order:entity:structural:system:none:none,manufacturing_graph_node/work_order:required_date:structural:system:none:none,structural,has_column,system,SYS_HAS_WOR_REQ_001,,,,,,,,
327,work_order:routing_template:structural:system:has_column:SYS_HAS_WOR_ROU_001,manufacturing_graph_edge/work_order:routing_template:structural:system:has_column:SYS_HAS_WOR_ROU_001,manufacturing_graph_node/work_order:entity:structural:system:none:none,manufacturing_graph_node/work_order:routing_template:structural:system:none:none,structural,has_column,system,SYS_HAS_WOR_ROU_001,,,,,,,,
328,work_order:act_lab_cost:structural:system:has_column:SYS_HAS_WOR_ACT_002,manufacturing_graph_edge/work_order:act_lab_cost:structural:system:has_column:SYS_HAS_WOR_ACT_002,manufacturing_graph_node/work_order:entity:structural:system:none:none,manufacturing_graph_node/work_order:act_lab_cost:structural:system:none:none,structural,has_column,system,SYS_HAS_WOR_ACT_002,,,,,,,,
329,work_order:act_bur_cost:structural:system:has_column:SYS_HAS_WOR_ACT_001,manufacturing_graph_edge/work_order:act_bur_cost:structural:system:has_column:SYS_HAS_WOR_ACT_001,manufacturing_graph_node/work_order:entity:structural:system:none:none,manufacturing_graph_node/work_order:act_bur_cost:structural:system:none:none,structural,has_column,system,SYS_HAS_WOR_ACT_001,,,,,,,,
330,work_order:act_ser_cost:structural:system:has_column:SYS_HAS_WOR_ACT_004,manufacturing_graph_edge/work_order:act_ser_cost:structural:system:has_column:SYS_HAS_WOR_ACT_004,manufacturing_graph_node/work_order:entity:structural:system:none:none,manufacturing_graph_node/work_order:act_ser_cost:structural:system:none:none,structural,has_column,system,SYS_HAS_WOR_ACT_004,,,,,,,,
331,work_order:act_mat_cost:structural:system:has_column:SYS_HAS_WOR_ACT_003,manufacturing_graph_edge/work_order:act_mat_cost:structural:system:has_column:SYS_HAS_WOR_ACT_003,manufacturing_graph_node/work_order:entity:structural:system:none:none,manufacturing_graph_node/work_order:act_mat_cost:structural:system:none:none,structural,has_column,system,SYS_HAS_WOR_ACT_003,,,,,,,,
332,work_order:desired_rls_date:structural:system:has_column:SYS_HAS_WOR_DES_001,manufacturing_graph_edge/work_order:desired_rls_date:structural:system:has_column:SYS_HAS_WOR_DES_001,manufacturing_graph_node/work_order:entity:structural:system:none:none,manufacturing_graph_node/work_order:desired_rls_date:structural:system:none:none,structural,has_column,system,SYS_HAS_WOR_DES_001,,,,,,,,
333,work_order:sched_start_date:structural:system:has_column:SYS_HAS_WOR_SCH_002,manufacturing_graph_edge/work_order:sched_start_date:structural:system:has_column:SYS_HAS_WOR_SCH_002,manufacturing_graph_node/work_order:entity:structural:system:none:none,manufacturing_graph_node/work_order:sched_start_date:structural:system:none:none,structural,has_column,system,SYS_HAS_WOR_SCH_002,,,,,,,,
334,work_order:sched_finish_date:structural:system:has_column:SYS_HAS_WOR_SCH_001,manufacturing_graph_edge/work_order:sched_finish_date:structural:system:has_column:SYS_HAS_WOR_SCH_001,manufacturing_graph_node/work_order:entity:structural:system:none:none,manufacturing_graph_node/work_order:sched_finish_date:structural:system:none:none,structural,has_column,system,SYS_HAS_WOR_SCH_001,,,,,,,,
335,work_order:outside_service:structural:system:has_column:SYS_HAS_WOR_OUT_001,manufacturing_graph_edge/work_order:outside_service:structural:system:has_column:SYS_HAS_WOR_OUT_001,manufacturing_graph_node/work_order:entity:structural:system:none:none,manufacturing_graph_node/work_order:outside_service:structural:system:none:none,structural,has_column,system,SYS_HAS_WOR_OUT_001,,,,,,,,
336,work_order:service_date:structural:system:has_column:SYS_HAS_WOR_SER_001,manufacturing_graph_edge/work_order:service_date:structural:system:has_column:SYS_HAS_WOR_SER_001,manufacturing_graph_node/work_order:entity:structural:system:none:none,manufacturing_graph_node/work_order:service_date:structural:system:none:none,structural,has_column,system,SYS_HAS_WOR_SER_001,,,,,,,,
337,work_order:vendor_id:structural:system:has_column:SYS_HAS_WOR_VEN_001,manufacturing_graph_edge/work_order:vendor_id:structural:system:has_column:SYS_HAS_WOR_VEN_001,manufacturing_graph_node/work_order:entity:structural:system:none:none,manufacturing_graph_node/work_order:vendor_id:structural:system:none:none,structural,has_column,system,SYS_HAS_WOR_VEN_001,,,,,,,,
338,work_order:site_id:structural:system:has_column:SYS_HAS_WOR_SIT_001,manufacturing_graph_edge/work_order:site_id:structural:system:has_column:SYS_HAS_WOR_SIT_001,manufacturing_graph_node/work_order:entity:structural:system:none:none,manufacturing_graph_node/work_order:site_id:structural:system:none:none,structural,has_column,system,SYS_HAS_WOR_SIT_001,,,,,,,,
339,work_order:demand_order_line_id:structural:system:has_column:SYS_HAS_WOR_DEM_001,manufacturing_graph_edge/work_order:demand_order_line_id:structural:system:has_column:SYS_HAS_WOR_DEM_001,manufacturing_graph_node/work_order:entity:structural:system:none:none,manufacturing_graph_node/work_order:demand_order_line_id:structural:system:none:none,structural,has_column,system,SYS_HAS_WOR_DEM_001,,,,,,,,
340,work_order:created_at:structural:system:has_column:SYS_HAS_WOR_CRE_001,manufacturing_graph_edge/work_order:created_at:structural:system:has_column:SYS_HAS_WOR_CRE_001,manufacturing_graph_node/work_order:entity:structural:system:none:none,manufacturing_graph_node/work_order:created_at:structural:system:none:none,structural,has_column,system,SYS_HAS_WOR_CRE_001,,,,,,,,
341,certification:part_id:structural:system:references:SYS_REF_CER_PAR_001,manufacturing_graph_edge/certification:part_id:structural:system:references:SYS_REF_CER_PAR_001,manufacturing_graph_node/certification:part_id:structural:system:none:none,manufacturing_graph_node/part:part_id:structural:system:none:none,structural,references,system,SYS_REF_CER_PAR_001,part,part_id,,,,,fk_declared,
342,certification:receipt_id:structural:system:references:SYS_REF_CER_REC_001,manufacturing_graph_edge/certification:receipt_id:structural:system:references:SYS_REF_CER_REC_001,manufacturing_graph_node/certification:receipt_id:structural:system:none:none,manufacturing_graph_node/receiving:receipt_id:structural:system:none:none,structural,references,system,SYS_REF_CER_REC_001,receiving,receipt_id,,,,,fk_declared,
343,customer_order:site_id:structural:system:references:SYS_REF_CUS_SIT_001,manufacturing_graph_edge/customer_order:site_id:structural:system:references:SYS_REF_CUS_SIT_001,manufacturing_graph_node/customer_order:site_id:structural:system:none:none,manufacturing_graph_node/site:site_id:structural:system:none:none,structural,references,system,SYS_REF_CUS_SIT_001,site,site_id,,,,,fk_declared,
344,customer_order_line:order_id:structural:system:references:SYS_REF_CUS_ORD_001,manufacturing_graph_edge/customer_order_line:order_id:structural:system:references:SYS_REF_CUS_ORD_001,manufacturing_graph_node/customer_order_line:order_id:structural:system:none:none,manufacturing_graph_node/customer_order:order_id:structural:system:none:none,structural,references,system,SYS_REF_CUS_ORD_001,customer_order,order_id,,,,,fk_declared,
345,customer_order_line:part_id:structural:system:references:SYS_REF_CUS_PAR_001,manufacturing_graph_edge/customer_order_line:part_id:structural:system:references:SYS_REF_CUS_PAR_001,manufacturing_graph_node/customer_order_line:part_id:structural:system:none:none,manufacturing_graph_node/part:part_id:structural:system:none:none,structural,references,system,SYS_REF_CUS_PAR_001,part,part_id,,,,,fk_declared,
346,customer_order_line:site_id:structural:system:references:SYS_REF_CUS_SIT_002,manufacturing_graph_edge/customer_order_line:site_id:structural:system:references:SYS_REF_CUS_SIT_002,manufacturing_graph_node/customer_order_line:site_id:structural:system:none:none,manufacturing_graph_node/site:site_id:structural:system:none:none,structural,references,system,SYS_REF_CUS_SIT_002,site,site_id,,,,,fk_declared,
347,gl_events:job_id:structural:system:references:SYS_REF_GLE_JOB_001,manufacturing_graph_edge/gl_events:job_id:structural:system:references:SYS_REF_GLE_JOB_001,manufacturing_graph_node/gl_events:job_id:structural:system:none:none,manufacturing_graph_node/work_order:wo_id:structural:system:none:none,structural,references,system,SYS_REF_GLE_JOB_001,work_order,wo_id,,,,,fk_declared,
348,gl_finished_goods_inventory:event_id:structural:system:references:SYS_REF_GLF_EVE_001,manufacturing_graph_edge/gl_finished_goods_inventory:event_id:structural:system:references:SYS_REF_GLF_EVE_001,manufacturing_graph_node/gl_finished_goods_inventory:event_id:structural:system:none:none,manufacturing_graph_node/gl_events:event_id:structural:system:none:none,structural,references,system,SYS_REF_GLF_EVE_001,gl_events,event_id,,,,,fk_declared,
349,gl_finished_goods_inventory:job_id:structural:system:references:SYS_REF_GLF_JOB_001,manufacturing_graph_edge/gl_finished_goods_inventory:job_id:structural:system:references:SYS_REF_GLF_JOB_001,manufacturing_graph_node/gl_finished_goods_inventory:job_id:structural:system:none:none,manufacturing_graph_node/work_order:wo_id:structural:system:none:none,structural,references,system,SYS_REF_GLF_JOB_001,work_order,wo_id,,,,,fk_declared,
350,gl_finished_goods_inventory:part_id:structural:system:references:SYS_REF_GLF_PAR_001,manufacturing_graph_edge/gl_finished_goods_inventory:part_id:structural:system:references:SYS_REF_GLF_PAR_001,manufacturing_graph_node/gl_finished_goods_inventory:part_id:structural:system:none:none,manufacturing_graph_node/part:part_id:structural:system:none:none,structural,references,system,SYS_REF_GLF_PAR_001,part,part_id,,,,,fk_declared,
351,gl_job_cost_detail:event_id:structural:system:references:SYS_REF_GLJ_EVE_001,manufacturing_graph_edge/gl_job_cost_detail:event_id:structural:system:references:SYS_REF_GLJ_EVE_001,manufacturing_graph_node/gl_job_cost_detail:event_id:structural:system:none:none,manufacturing_graph_node/gl_events:event_id:structural:system:none:none,structural,references,system,SYS_REF_GLJ_EVE_001,gl_events,event_id,,,,,fk_declared,
352,gl_job_cost_detail:job_id:structural:system:references:SYS_REF_GLJ_JOB_001,manufacturing_graph_edge/gl_job_cost_detail:job_id:structural:system:references:SYS_REF_GLJ_JOB_001,manufacturing_graph_node/gl_job_cost_detail:job_id:structural:system:none:none,manufacturing_graph_node/work_order:wo_id:structural:system:none:none,structural,references,system,SYS_REF_GLJ_JOB_001,work_order,wo_id,,,,,fk_declared,
353,gl_raw_materials_inventory:event_id:structural:system:references:SYS_REF_GLR_EVE_001,manufacturing_graph_edge/gl_raw_materials_inventory:event_id:structural:system:references:SYS_REF_GLR_EVE_001,manufacturing_graph_node/gl_raw_materials_inventory:event_id:structural:system:none:none,manufacturing_graph_node/gl_events:event_id:structural:system:none:none,structural,references,system,SYS_REF_GLR_EVE_001,gl_events,event_id,,,,,fk_declared,
354,gl_raw_materials_inventory:job_id:structural:system:references:SYS_REF_GLR_JOB_001,manufacturing_graph_edge/gl_raw_materials_inventory:job_id:structural:system:references:SYS_REF_GLR_JOB_001,manufacturing_graph_node/gl_raw_materials_inventory:job_id:structural:system:none:none,manufacturing_graph_node/work_order:wo_id:structural:system:none:none,structural,references,system,SYS_REF_GLR_JOB_001,work_order,wo_id,,,,,fk_declared,
355,gl_raw_materials_inventory:part_id:structural:system:references:SYS_REF_GLR_PAR_001,manufacturing_graph_edge/gl_raw_materials_inventory:part_id:structural:system:references:SYS_REF_GLR_PAR_001,manufacturing_graph_node/gl_raw_materials_inventory:part_id:structural:system:none:none,manufacturing_graph_node/part:part_id:structural:system:none:none,structural,references,system,SYS_REF_GLR_PAR_001,part,part_id,,,,,fk_declared,
356,gl_wip_inventory:event_id:structural:system:references:SYS_REF_GLW_EVE_001,manufacturing_graph_edge/gl_wip_inventory:event_id:structural:system:references:SYS_REF_GLW_EVE_001,manufacturing_graph_node/gl_wip_inventory:event_id:structural:system:none:none,manufacturing_graph_node/gl_events:event_id:structural:system:none:none,structural,references,system,SYS_REF_GLW_EVE_001,gl_events,event_id,,,,,fk_declared,
357,gl_wip_inventory:job_id:structural:system:references:SYS_REF_GLW_JOB_001,manufacturing_graph_edge/gl_wip_inventory:job_id:structural:system:references:SYS_REF_GLW_JOB_001,manufacturing_graph_node/gl_wip_inventory:job_id:structural:system:none:none,manufacturing_graph_node/work_order:wo_id:structural:system:none:none,structural,references,system,SYS_REF_GLW_JOB_001,work_order,wo_id,,,,,fk_declared,
358,gl_wip_inventory:part_id:structural:system:references:SYS_REF_GLW_PAR_001,manufacturing_graph_edge/gl_wip_inventory:part_id:structural:system:references:SYS_REF_GLW_PAR_001,manufacturing_graph_node/gl_wip_inventory:part_id:structural:system:none:none,manufacturing_graph_node/part:part_id:structural:system:none:none,structural,references,system,SYS_REF_GLW_PAR_001,part,part_id,,,,,fk_declared,
359,inv_trans_dist:in_trans_id:structural:system:references:SYS_REF_INV_INT_001,manufacturing_graph_edge/inv_trans_dist:in_trans_id:structural:system:references:SYS_REF_INV_INT_001,manufacturing_graph_node/inv_trans_dist:in_trans_id:structural:system:none:none,manufacturing_graph_node/inventory_transaction:transaction_id:structural:system:none:none,structural,references,system,SYS_REF_INV_INT_001,inventory_transaction,transaction_id,,,,,fk_declared,
360,inv_trans_dist:out_trans_id:structural:system:references:SYS_REF_INV_OUT_001,manufacturing_graph_edge/inv_trans_dist:out_trans_id:structural:system:references:SYS_REF_INV_OUT_001,manufacturing_graph_node/inv_trans_dist:out_trans_id:structural:system:none:none,manufacturing_graph_node/inventory_transaction:transaction_id:structural:system:none:none,structural,references,system,SYS_REF_INV_OUT_001,inventory_transaction,transaction_id,,,,,fk_declared,
361,inventory_transaction:part_id:structural:system:references:SYS_REF_INV_PAR_001,manufacturing_graph_edge/inventory_transaction:part_id:structural:system:references:SYS_REF_INV_PAR_001,manufacturing_graph_node/inventory_transaction:part_id:structural:system:none:none,manufacturing_graph_node/part:part_id:structural:system:none:none,structural,references,system,SYS_REF_INV_PAR_001,part,part_id,,,,,fk_declared,
362,inventory_transaction:po_id:structural:system:references:SYS_REF_INV_POI_001,manufacturing_graph_edge/inventory_transaction:po_id:structural:system:references:SYS_REF_INV_POI_001,manufacturing_graph_node/inventory_transaction:po_id:structural:system:none:none,manufacturing_graph_node/purchase_order:po_id:structural:system:none:none,structural,references,system,SYS_REF_INV_POI_001,purchase_order,po_id,,,,,fk_declared,
363,inventory_transaction:site_id:structural:system:references:SYS_REF_INV_SIT_001,manufacturing_graph_edge/inventory_transaction:site_id:structural:system:references:SYS_REF_INV_SIT_001,manufacturing_graph_node/inventory_transaction:site_id:structural:system:none:none,manufacturing_graph_node/site:site_id:structural:system:none:none,structural,references,system,SYS_REF_INV_SIT_001,site,site_id,,,,,fk_declared,
364,inventory_transaction:wo_id:structural:system:references:SYS_REF_INV_WOI_001,manufacturing_graph_edge/inventory_transaction:wo_id:structural:system:references:SYS_REF_INV_WOI_001,manufacturing_graph_node/inventory_transaction:wo_id:structural:system:none:none,manufacturing_graph_node/work_order:wo_id:structural:system:none:none,structural,references,system,SYS_REF_INV_WOI_001,work_order,wo_id,,,,,fk_declared,
365,labor_ticket:wo_id:structural:system:references:SYS_REF_LAB_WOI_001,manufacturing_graph_edge/labor_ticket:wo_id:structural:system:references:SYS_REF_LAB_WOI_001,manufacturing_graph_node/labor_ticket:wo_id:structural:system:none:none,manufacturing_graph_node/work_order:wo_id:structural:system:none:none,structural,references,system,SYS_REF_LAB_WOI_001,work_order,wo_id,,,,,fk_declared,
366,material_issue:part_id:structural:system:references:SYS_REF_MAT_PAR_001,manufacturing_graph_edge/material_issue:part_id:structural:system:references:SYS_REF_MAT_PAR_001,manufacturing_graph_node/material_issue:part_id:structural:system:none:none,manufacturing_graph_node/part:part_id:structural:system:none:none,structural,references,system,SYS_REF_MAT_PAR_001,part,part_id,,,,,fk_declared,
367,material_issue:wo_id:structural:system:references:SYS_REF_MAT_WOI_001,manufacturing_graph_edge/material_issue:wo_id:structural:system:references:SYS_REF_MAT_WOI_001,manufacturing_graph_node/material_issue:wo_id:structural:system:none:none,manufacturing_graph_node/work_order:wo_id:structural:system:none:none,structural,references,system,SYS_REF_MAT_WOI_001,work_order,wo_id,,,,,fk_declared,
368,operation:resource_id:structural:system:references:SYS_REF_OPE_RES_001,manufacturing_graph_edge/operation:resource_id:structural:system:references:SYS_REF_OPE_RES_001,manufacturing_graph_node/operation:resource_id:structural:system:none:none,manufacturing_graph_node/shop_resource:resource_id:structural:system:none:none,structural,references,system,SYS_REF_OPE_RES_001,shop_resource,resource_id,,,,,fk_declared,
369,operation:service_id:structural:system:references:SYS_REF_OPE_SER_001,manufacturing_graph_edge/operation:service_id:structural:system:references:SYS_REF_OPE_SER_001,manufacturing_graph_node/operation:service_id:structural:system:none:none,manufacturing_graph_node/service:service_id:structural:system:none:none,structural,references,system,SYS_REF_OPE_SER_001,service,service_id,,,,,fk_declared,
370,operation:vendor_id:structural:system:references:SYS_REF_OPE_VEN_001,manufacturing_graph_edge/operation:vendor_id:structural:system:references:SYS_REF_OPE_VEN_001,manufacturing_graph_node/operation:vendor_id:structural:system:none:none,manufacturing_graph_node/suppliers:supplier_id:structural:system:none:none,structural,references,system,SYS_REF_OPE_VEN_001,suppliers,supplier_id,,,,,fk_declared,
371,operation:wo_id:structural:system:references:SYS_REF_OPE_WOI_001,manufacturing_graph_edge/operation:wo_id:structural:system:references:SYS_REF_OPE_WOI_001,manufacturing_graph_node/operation:wo_id:structural:system:none:none,manufacturing_graph_node/work_order:wo_id:structural:system:none:none,structural,references,system,SYS_REF_OPE_WOI_001,work_order,wo_id,,,,,fk_declared,
372,part_location:part_id:structural:system:references:SYS_REF_PAR_PAR_001,manufacturing_graph_edge/part_location:part_id:structural:system:references:SYS_REF_PAR_PAR_001,manufacturing_graph_node/part_location:part_id:structural:system:none:none,manufacturing_graph_node/part:part_id:structural:system:none:none,structural,references,system,SYS_REF_PAR_PAR_001,part,part_id,,,,,fk_declared,
373,part_location:warehouse_id:structural:system:references:SYS_REF_PAR_WAR_001,manufacturing_graph_edge/part_location:warehouse_id:structural:system:references:SYS_REF_PAR_WAR_001,manufacturing_graph_node/part_location:warehouse_id:structural:system:none:none,manufacturing_graph_node/warehouse:warehouse_id:structural:system:none:none,structural,references,system,SYS_REF_PAR_WAR_001,warehouse,warehouse_id,,,,,fk_declared,
374,payable_line:invoice_id:structural:system:references:SYS_REF_PAY_INV_001,manufacturing_graph_edge/payable_line:invoice_id:structural:system:references:SYS_REF_PAY_INV_001,manufacturing_graph_node/payable_line:invoice_id:structural:system:none:none,manufacturing_graph_node/payables:invoice_id:structural:system:none:none,structural,references,system,SYS_REF_PAY_INV_001,payables,invoice_id,,,,,fk_declared,
375,payable_line:part_id:structural:system:references:SYS_REF_PAY_PAR_001,manufacturing_graph_edge/payable_line:part_id:structural:system:references:SYS_REF_PAY_PAR_001,manufacturing_graph_node/payable_line:part_id:structural:system:none:none,manufacturing_graph_node/part:part_id:structural:system:none:none,structural,references,system,SYS_REF_PAY_PAR_001,part,part_id,,,,,fk_declared,
376,payable_line:po_id:structural:system:references:SYS_REF_PAY_POI_001,manufacturing_graph_edge/payable_line:po_id:structural:system:references:SYS_REF_PAY_POI_001,manufacturing_graph_node/payable_line:po_id:structural:system:none:none,manufacturing_graph_node/purchase_order:po_id:structural:system:none:none,structural,references,system,SYS_REF_PAY_POI_001,purchase_order,po_id,,,,,fk_declared,
377,payable_line:po_line_id:structural:system:references:SYS_REF_PAY_POL_001,manufacturing_graph_edge/payable_line:po_line_id:structural:system:references:SYS_REF_PAY_POL_001,manufacturing_graph_node/payable_line:po_line_id:structural:system:none:none,manufacturing_graph_node/po_line:line_id:structural:system:none:none,structural,references,system,SYS_REF_PAY_POL_001,po_line,line_id,,,,,fk_declared,
378,payable_line:receipt_line_id:structural:system:references:SYS_REF_PAY_REC_001,manufacturing_graph_edge/payable_line:receipt_line_id:structural:system:references:SYS_REF_PAY_REC_001,manufacturing_graph_node/payable_line:receipt_line_id:structural:system:none:none,manufacturing_graph_node/receiving_line:receipt_line_id:structural:system:none:none,structural,references,system,SYS_REF_PAY_REC_001,receiving_line,receipt_line_id,,,,,fk_declared,
379,payables:po_id:structural:system:references:SYS_REF_PAY_POI_002,manufacturing_graph_edge/payables:po_id:structural:system:references:SYS_REF_PAY_POI_002,manufacturing_graph_node/payables:po_id:structural:system:none:none,manufacturing_graph_node/purchase_order:po_id:structural:system:none:none,structural,references,system,SYS_REF_PAY_POI_002,purchase_order,po_id,,,,,fk_declared,
380,payables:supplier_id:structural:system:references:SYS_REF_PAY_SUP_001,manufacturing_graph_edge/payables:supplier_id:structural:system:references:SYS_REF_PAY_SUP_001,manufacturing_graph_node/payables:supplier_id:structural:system:none:none,manufacturing_graph_node/suppliers:supplier_id:structural:system:none:none,structural,references,system,SYS_REF_PAY_SUP_001,suppliers,supplier_id,,,,,fk_declared,
381,po_line:line_id:structural:system:references:SYS_REF_POL_LIN_001,manufacturing_graph_edge/po_line:line_id:structural:system:references:SYS_REF_POL_LIN_001,manufacturing_graph_node/po_line:line_id:structural:system:none:none,manufacturing_graph_node/receiving_line:po_line_id:structural:system:none:none,structural,references,system,SYS_REF_POL_LIN_001,receiving_line,po_line_id,,,,,fk_declared,
382,po_line:part_id:structural:system:references:SYS_REF_POL_PAR_001,manufacturing_graph_edge/po_line:part_id:structural:system:references:SYS_REF_POL_PAR_001,manufacturing_graph_node/po_line:part_id:structural:system:none:none,manufacturing_graph_node/part:part_id:structural:system:none:none,structural,references,system,SYS_REF_POL_PAR_001,part,part_id,,,,,fk_declared,
383,po_line:po_id:structural:system:references:SYS_REF_POL_POI_001,manufacturing_graph_edge/po_line:po_id:structural:system:references:SYS_REF_POL_POI_001,manufacturing_graph_node/po_line:po_id:structural:system:none:none,manufacturing_graph_node/purchase_order:po_id:structural:system:none:none,structural,references,system,SYS_REF_POL_POI_001,purchase_order,po_id,,,,,fk_declared,
384,purchase_order:po_id:structural:system:references:SYS_REF_PUR_POI_001,manufacturing_graph_edge/purchase_order:po_id:structural:system:references:SYS_REF_PUR_POI_001,manufacturing_graph_node/purchase_order:po_id:structural:system:none:none,manufacturing_graph_node/receiving:po_id:structural:system:none:none,structural,references,system,SYS_REF_PUR_POI_001,receiving,po_id,,,,,fk_declared,
385,purchase_order:supplier_id:structural:system:references:SYS_REF_PUR_SUP_001,manufacturing_graph_edge/purchase_order:supplier_id:structural:system:references:SYS_REF_PUR_SUP_001,manufacturing_graph_node/purchase_order:supplier_id:structural:system:none:none,manufacturing_graph_node/suppliers:supplier_id:structural:system:none:none,structural,references,system,SYS_REF_PUR_SUP_001,suppliers,supplier_id,,,,,fk_declared,
386,purchase_order:wo_id:structural:system:references:SYS_REF_PUR_WOI_001,manufacturing_graph_edge/purchase_order:wo_id:structural:system:references:SYS_REF_PUR_WOI_001,manufacturing_graph_node/purchase_order:wo_id:structural:system:none:none,manufacturing_graph_node/work_order:wo_id:structural:system:none:none,structural,references,system,SYS_REF_PUR_WOI_001,work_order,wo_id,,,,,fk_declared,
387,receivable:order_id:structural:system:references:SYS_REF_REC_ORD_001,manufacturing_graph_edge/receivable:order_id:structural:system:references:SYS_REF_REC_ORD_001,manufacturing_graph_node/receivable:order_id:structural:system:none:none,manufacturing_graph_node/customer_order:order_id:structural:system:none:none,structural,references,system,SYS_REF_REC_ORD_001,customer_order,order_id,,,,,fk_declared,
388,receivable_line:invoice_id:structural:system:references:SYS_REF_REC_INV_001,manufacturing_graph_edge/receivable_line:invoice_id:structural:system:references:SYS_REF_REC_INV_001,manufacturing_graph_node/receivable_line:invoice_id:structural:system:none:none,manufacturing_graph_node/receivable:invoice_id:structural:system:none:none,structural,references,system,SYS_REF_REC_INV_001,receivable,invoice_id,,,,,fk_declared,
389,receivable_line:order_id:structural:system:references:SYS_REF_REC_ORD_002,manufacturing_graph_edge/receivable_line:order_id:structural:system:references:SYS_REF_REC_ORD_002,manufacturing_graph_node/receivable_line:order_id:structural:system:none:none,manufacturing_graph_node/customer_order:order_id:structural:system:none:none,structural,references,system,SYS_REF_REC_ORD_002,customer_order,order_id,,,,,fk_declared,
390,receivable_line:order_line_id:structural:system:references:SYS_REF_REC_ORD_003,manufacturing_graph_edge/receivable_line:order_line_id:structural:system:references:SYS_REF_REC_ORD_003,manufacturing_graph_node/receivable_line:order_line_id:structural:system:none:none,manufacturing_graph_node/customer_order_line:order_line_id:structural:system:none:none,structural,references,system,SYS_REF_REC_ORD_003,customer_order_line,order_line_id,,,,,fk_declared,
391,receivable_line:part_id:structural:system:references:SYS_REF_REC_PAR_001,manufacturing_graph_edge/receivable_line:part_id:structural:system:references:SYS_REF_REC_PAR_001,manufacturing_graph_node/receivable_line:part_id:structural:system:none:none,manufacturing_graph_node/part:part_id:structural:system:none:none,structural,references,system,SYS_REF_REC_PAR_001,part,part_id,,,,,fk_declared,
392,receivable_payment:invoice_id:structural:system:references:SYS_REF_REC_INV_002,manufacturing_graph_edge/receivable_payment:invoice_id:structural:system:references:SYS_REF_REC_INV_002,manufacturing_graph_node/receivable_payment:invoice_id:structural:system:none:none,manufacturing_graph_node/receivable:invoice_id:structural:system:none:none,structural,references,system,SYS_REF_REC_INV_002,receivable,invoice_id,,,,,fk_declared,
393,receivable_payment:source_event_id:structural:system:references:SYS_REF_REC_SOU_001,manufacturing_graph_edge/receivable_payment:source_event_id:structural:system:references:SYS_REF_REC_SOU_001,manufacturing_graph_node/receivable_payment:source_event_id:structural:system:none:none,manufacturing_graph_node/gl_events:event_id:structural:system:none:none,structural,references,system,SYS_REF_REC_SOU_001,gl_events,event_id,,,,,fk_declared,
394,receiving:part_id:structural:system:references:SYS_REF_REC_PAR_002,manufacturing_graph_edge/receiving:part_id:structural:system:references:SYS_REF_REC_PAR_002,manufacturing_graph_node/receiving:part_id:structural:system:none:none,manufacturing_graph_node/part:part_id:structural:system:none:none,structural,references,system,SYS_REF_REC_PAR_002,part,part_id,,,,,fk_declared,
395,receiving:part_id:structural:system:references:SYS_REF_REC_PAR_003,manufacturing_graph_edge/receiving:part_id:structural:system:references:SYS_REF_REC_PAR_003,manufacturing_graph_node/receiving:part_id:structural:system:none:none,manufacturing_graph_node/work_order:part_id:structural:system:none:none,structural,references,system,SYS_REF_REC_PAR_003,work_order,part_id,,,,,fk_declared,
396,receiving:po_id:structural:system:references:SYS_REF_REC_POI_001,manufacturing_graph_edge/receiving:po_id:structural:system:references:SYS_REF_REC_POI_001,manufacturing_graph_node/receiving:po_id:structural:system:none:none,manufacturing_graph_node/purchase_order:po_id:structural:system:none:none,structural,references,system,SYS_REF_REC_POI_001,purchase_order,po_id,,,,,fk_declared,
397,receiving:receipt_id:structural:system:references:SYS_REF_REC_REC_001,manufacturing_graph_edge/receiving:receipt_id:structural:system:references:SYS_REF_REC_REC_001,manufacturing_graph_node/receiving:receipt_id:structural:system:none:none,manufacturing_graph_node/receiving_line:receipt_id:structural:system:none:none,structural,references,system,SYS_REF_REC_REC_001,receiving_line,receipt_id,,,,,fk_declared,
398,receiving:supplier_id:structural:system:references:SYS_REF_REC_SUP_001,manufacturing_graph_edge/receiving:supplier_id:structural:system:references:SYS_REF_REC_SUP_001,manufacturing_graph_node/receiving:supplier_id:structural:system:none:none,manufacturing_graph_node/suppliers:supplier_id:structural:system:none:none,structural,references,system,SYS_REF_REC_SUP_001,suppliers,supplier_id,,,,,fk_declared,
399,receiving_line:part_id:structural:system:references:SYS_REF_REC_PAR_004,manufacturing_graph_edge/receiving_line:part_id:structural:system:references:SYS_REF_REC_PAR_004,manufacturing_graph_node/receiving_line:part_id:structural:system:none:none,manufacturing_graph_node/part:part_id:structural:system:none:none,structural,references,system,SYS_REF_REC_PAR_004,part,part_id,,,,,fk_declared,
400,receiving_line:po_line_id:structural:system:references:SYS_REF_REC_POL_001,manufacturing_graph_edge/receiving_line:po_line_id:structural:system:references:SYS_REF_REC_POL_001,manufacturing_graph_node/receiving_line:po_line_id:structural:system:none:none,manufacturing_graph_node/po_line:line_id:structural:system:none:none,structural,references,system,SYS_REF_REC_POL_001,po_line,line_id,,,,,fk_declared,
401,receiving_line:receipt_id:structural:system:references:SYS_REF_REC_REC_002,manufacturing_graph_edge/receiving_line:receipt_id:structural:system:references:SYS_REF_REC_REC_002,manufacturing_graph_node/receiving_line:receipt_id:structural:system:none:none,manufacturing_graph_node/receiving:receipt_id:structural:system:none:none,structural,references,system,SYS_REF_REC_REC_002,receiving,receipt_id,,,,,fk_declared,
402,requirement:material_part_id:structural:system:references:SYS_REF_REQ_MAT_001,manufacturing_graph_edge/requirement:material_part_id:structural:system:references:SYS_REF_REQ_MAT_001,manufacturing_graph_node/requirement:material_part_id:structural:system:none:none,manufacturing_graph_node/part:part_id:structural:system:none:none,structural,references,system,SYS_REF_REQ_MAT_001,part,part_id,,,,,fk_declared,
403,requirement:operation_rowid:structural:system:references:SYS_REF_REQ_OPE_001,manufacturing_graph_edge/requirement:operation_rowid:structural:system:references:SYS_REF_REQ_OPE_001,manufacturing_graph_node/requirement:operation_rowid:structural:system:none:none,manufacturing_graph_node/operation:rowid_pk:structural:system:none:none,structural,references,system,SYS_REF_REQ_OPE_001,operation,rowid_pk,,,,,fk_declared,
404,trace:part_id:structural:system:references:SYS_REF_TRA_PAR_001,manufacturing_graph_edge/trace:part_id:structural:system:references:SYS_REF_TRA_PAR_001,manufacturing_graph_node/trace:part_id:structural:system:none:none,manufacturing_graph_node/part:part_id:structural:system:none:none,structural,references,system,SYS_REF_TRA_PAR_001,part,part_id,,,,,fk_declared,
405,trace:site_id:structural:system:references:SYS_REF_TRA_SIT_001,manufacturing_graph_edge/trace:site_id:structural:system:references:SYS_REF_TRA_SIT_001,manufacturing_graph_node/trace:site_id:structural:system:none:none,manufacturing_graph_node/site:site_id:structural:system:none:none,structural,references,system,SYS_REF_TRA_SIT_001,site,site_id,,,,,fk_declared,
406,trace_inventory_trace:part_id:structural:system:references:SYS_REF_TRA_PAR_002,manufacturing_graph_edge/trace_inventory_trace:part_id:structural:system:references:SYS_REF_TRA_PAR_002,manufacturing_graph_node/trace_inventory_trace:part_id:structural:system:none:none,manufacturing_graph_node/part:part_id:structural:system:none:none,structural,references,system,SYS_REF_TRA_PAR_002,part,part_id,,,,,fk_declared,
407,trace_inventory_trace:trace_id:structural:system:references:SYS_REF_TRA_TRA_001,manufacturing_graph_edge/trace_inventory_trace:trace_id:structural:system:references:SYS_REF_TRA_TRA_001,manufacturing_graph_node/trace_inventory_trace:trace_id:structural:system:none:none,manufacturing_graph_node/trace:trace_id:structural:system:none:none,structural,references,system,SYS_REF_TRA_TRA_001,trace,trace_id,,,,,fk_declared,
408,trace_inventory_trace:transaction_id:structural:system:references:SYS_REF_TRA_TRA_002,manufacturing_graph_edge/trace_inventory_trace:transaction_id:structural:system:references:SYS_REF_TRA_TRA_002,manufacturing_graph_node/trace_inventory_trace:transaction_id:structural:system:none:none,manufacturing_graph_node/inventory_transaction:transaction_id:structural:system:none:none,structural,references,system,SYS_REF_TRA_TRA_002,inventory_transaction,transaction_id,,,,,fk_declared,
409,warehouse:site_id:structural:system:references:SYS_REF_WAR_SIT_001,manufacturing_graph_edge/warehouse:site_id:structural:system:references:SYS_REF_WAR_SIT_001,manufacturing_graph_node/warehouse:site_id:structural:system:none:none,manufacturing_graph_node/site:site_id:structural:system:none:none,structural,references,system,SYS_REF_WAR_SIT_001,site,site_id,,,,,fk_declared,
410,work_order:demand_order_line_id:structural:system:references:SYS_REF_WOR_DEM_001,manufacturing_graph_edge/work_order:demand_order_line_id:structural:system:references:SYS_REF_WOR_DEM_001,manufacturing_graph_node/work_order:demand_order_line_id:structural:system:none:none,manufacturing_graph_node/customer_order_line:order_line_id:structural:system:none:none,structural,references,system,SYS_REF_WOR_DEM_001,customer_order_line,order_line_id,,,,,fk_declared,
411,work_order:part_id:structural:system:references:SYS_REF_WOR_PAR_001,manufacturing_graph_edge/work_order:part_id:structural:system:references:SYS_REF_WOR_PAR_001,manufacturing_graph_node/work_order:part_id:structural:system:none:none,manufacturing_graph_node/part:part_id:structural:system:none:none,structural,references,system,SYS_REF_WOR_PAR_001,part,part_id,,,,,fk_declared,
412,certification:receipt_id:structural:system:references:SYS_REF_CER_REC_002,manufacturing_graph_edge/certification:receipt_id:structural:system:references:SYS_REF_CER_REC_002,manufacturing_graph_node/certification:receipt_id:structural:system:none:none,manufacturing_graph_node/receiving:receipt_id:structural:system:none:none,structural,references,system,SYS_REF_CER_REC_002,receiving,receipt_id,,,,,sql_observed,RIGHT
413,operation:resource_id:structural:system:references:SYS_REF_OPE_RES_002,manufacturing_graph_edge/operation:resource_id:structural:system:references:SYS_REF_OPE_RES_002,manufacturing_graph_node/operation:resource_id:structural:system:none:none,manufacturing_graph_node/shop_resource:resource_id:structural:system:none:none,structural,references,system,SYS_REF_OPE_RES_002,shop_resource,resource_id,,,,,sql_observed,RIGHT
414,payable_line:invoice_id:structural:system:references:SYS_REF_PAY_INV_002,manufacturing_graph_edge/payable_line:invoice_id:structural:system:references:SYS_REF_PAY_INV_002,manufacturing_graph_node/payable_line:invoice_id:structural:system:none:none,manufacturing_graph_node/payables:invoice_id:structural:system:none:none,structural,references,system,SYS_REF_PAY_INV_002,payables,invoice_id,,,,,sql_observed,LEFT
415,payable_line:receipt_line_id:structural:system:references:SYS_REF_PAY_REC_002,manufacturing_graph_edge/payable_line:receipt_line_id:structural:system:references:SYS_REF_PAY_REC_002,manufacturing_graph_node/payable_line:receipt_line_id:structural:system:none:none,manufacturing_graph_node/receiving_line:receipt_line_id:structural:system:none:none,structural,references,system,SYS_REF_PAY_REC_002,receiving_line,receipt_line_id,,,,,sql_observed,RIGHT
416,po_line:line_id:structural:system:references:SYS_REF_POL_LIN_002,manufacturing_graph_edge/po_line:line_id:structural:system:references:SYS_REF_POL_LIN_002,manufacturing_graph_node/po_line:line_id:structural:system:none:none,manufacturing_graph_node/receiving_line:po_line_id:structural:system:none:none,structural,references,system,SYS_REF_POL_LIN_002,receiving_line,po_line_id,,,,,sql_observed,LEFT
417,purchase_order:po_id:structural:system:references:SYS_REF_PUR_POI_002,manufacturing_graph_edge/purchase_order:po_id:structural:system:references:SYS_REF_PUR_POI_002,manufacturing_graph_node/purchase_order:po_id:structural:system:none:none,manufacturing_graph_node/receiving:po_id:structural:system:none:none,structural,references,system,SYS_REF_PUR_POI_002,receiving,po_id,,,,,sql_observed,LEFT
418,purchase_order:supplier_id:structural:system:references:SYS_REF_PUR_SUP_002,manufacturing_graph_edge/purchase_order:supplier_id:structural:system:references:SYS_REF_PUR_SUP_002,manufacturing_graph_node/purchase_order:supplier_id:structural:system:none:none,manufacturing_graph_node/suppliers:supplier_id:structural:system:none:none,structural,references,system,SYS_REF_PUR_SUP_002,suppliers,supplier_id,,,,,sql_observed,LEFT
419,receiving:receipt_id:structural:system:references:SYS_REF_REC_REC_003,manufacturing_graph_edge/receiving:receipt_id:structural:system:references:SYS_REF_REC_REC_003,manufacturing_graph_node/receiving:receipt_id:structural:system:none:none,manufacturing_graph_node/receiving_line:receipt_id:structural:system:none:none,structural,references,system,SYS_REF_REC_REC_003,receiving_line,receipt_id,,,,,sql_observed,RIGHT
420,customer_order_line:order_qty:semantic:Engineering:resolves_to:ENG_RES_CUS_ORD_704246C4,manufacturing_graph_edge/customer_order_line:order_qty:semantic:Engineering:resolves_to:ENG_RES_CUS_ORD_704246C4,manufacturing_graph_node/customer_order_line:order_qty:structural:system:none:none,manufacturing_graph_node/QuantityBasisEngineering:entity:semantic:canonical:none:none,semantic,resolves_to,Engineering,ENG_RES_CUS_ORD_704246C4,,,1,3,1,,,
421,requirement:component_type:semantic:Engineering:resolves_to:ENG_RES_REQ_COM_94AC242B,manufacturing_graph_edge/requirement:component_type:semantic:Engineering:resolves_to:ENG_RES_REQ_COM_94AC242B,manufacturing_graph_node/requirement:component_type:structural:system:none:none,manufacturing_graph_node/RequirementBasisEngineering:entity:semantic:canonical:none:none,semantic,resolves_to,Engineering,ENG_RES_REQ_COM_94AC242B,,,1,3,1,,,
422,work_order:quantity:semantic:Engineering:resolves_to:ENG_RES_WOR_QUA_1BE1197A,manufacturing_graph_edge/work_order:quantity:semantic:Engineering:resolves_to:ENG_RES_WOR_QUA_1BE1197A,manufacturing_graph_node/work_order:quantity:structural:system:none:none,manufacturing_graph_node/QuantityBasisEngineering:entity:semantic:canonical:none:none,semantic,resolves_to,Engineering,ENG_RES_WOR_QUA_1BE1197A,,,1,3,1,,,
423,operation:act_atl_bur_cost:semantic:Finance:resolves_to:FIN_RES_OPE_ACT_D78507B4,manufacturing_graph_edge/operation:act_atl_bur_cost:semantic:Finance:resolves_to:FIN_RES_OPE_ACT_D78507B4,manufacturing_graph_node/operation:act_atl_bur_cost:structural:system:none:none,manufacturing_graph_node/OEEStrategic:entity:semantic:canonical:none:none,semantic,resolves_to,Finance,FIN_RES_OPE_ACT_D78507B4,,,1,3,1,act_atl_bur_cost,,
424,operation:act_atl_lab_cost:semantic:Finance:resolves_to:FIN_RES_OPE_ACT_C6B80BE9,manufacturing_graph_edge/operation:act_atl_lab_cost:semantic:Finance:resolves_to:FIN_RES_OPE_ACT_C6B80BE9,manufacturing_graph_node/operation:act_atl_lab_cost:structural:system:none:none,manufacturing_graph_node/OEEStrategic:entity:semantic:canonical:none:none,semantic,resolves_to,Finance,FIN_RES_OPE_ACT_C6B80BE9,,,1,3,1,act_atl_lab_cost,,
425,operation:act_run_hrs:semantic:Finance:resolves_to:FIN_RES_OPE_ACT_F857464F,manufacturing_graph_edge/operation:act_run_hrs:semantic:Finance:resolves_to:FIN_RES_OPE_ACT_F857464F,manufacturing_graph_node/operation:act_run_hrs:structural:system:none:none,manufacturing_graph_node/OEEStrategic:entity:semantic:canonical:none:none,semantic,resolves_to,Finance,FIN_RES_OPE_ACT_F857464F,,,1,3,2,act_run_hrs,,
426,purchase_order:required_date:semantic:Finance:resolves_to:FIN_RES_PUR_REQ_A30A01F2,manufacturing_graph_edge/purchase_order:required_date:semantic:Finance:resolves_to:FIN_RES_PUR_REQ_A30A01F2,manufacturing_graph_node/purchase_order:required_date:structural:system:none:none,manufacturing_graph_node/DeliveryPerformanceFinance:entity:semantic:canonical:none:none,semantic,resolves_to,Finance,FIN_RES_PUR_REQ_A30A01F2,,,1,3,3,required_date,,
427,receiving:receipt_date:semantic:Finance:resolves_to:FIN_RES_REC_REC_4B0375BE,manufacturing_graph_edge/receiving:receipt_date:semantic:Finance:resolves_to:FIN_RES_REC_REC_4B0375BE,manufacturing_graph_node/receiving:receipt_date:structural:system:none:none,manufacturing_graph_node/DeliveryPerformanceFinance:entity:semantic:canonical:none:none,semantic,resolves_to,Finance,FIN_RES_REC_REC_4B0375BE,,,1,3,3,receipt_date,,
428,gl_events:event_type:semantic:General_Ledger:resolves_to:GEN_RES_GLE_EVE_D4370D80,manufacturing_graph_edge/gl_events:event_type:semantic:General_Ledger:resolves_to:GEN_RES_GLE_EVE_D4370D80,manufacturing_graph_node/gl_events:event_type:structural:system:none:none,manufacturing_graph_node/LedgerPostingEventClass:entity:semantic:canonical:none:none,semantic,resolves_to,General_Ledger,GEN_RES_GLE_EVE_D4370D80,,,1,3,1,,,
429,gl_finished_goods_inventory:amount:semantic:General_Ledger:resolves_to:GEN_RES_GLF_AMO_D1CE2C1E,manufacturing_graph_edge/gl_finished_goods_inventory:amount:semantic:General_Ledger:resolves_to:GEN_RES_GLF_AMO_D1CE2C1E,manufacturing_graph_node/gl_finished_goods_inventory:amount:structural:system:none:none,manufacturing_graph_node/InventoryBucketBalance:entity:semantic:canonical:none:none,semantic,resolves_to,General_Ledger,GEN_RES_GLF_AMO_D1CE2C1E,,,1,3,1,,,
430,gl_finished_goods_inventory:event_type:semantic:General_Ledger:resolves_to:GEN_RES_GLF_EVE_2BCFCEA5,manufacturing_graph_edge/gl_finished_goods_inventory:event_type:semantic:General_Ledger:resolves_to:GEN_RES_GLF_EVE_2BCFCEA5,manufacturing_graph_node/gl_finished_goods_inventory:event_type:structural:system:none:none,manufacturing_graph_node/FinishedGoodsProductionFlow:entity:semantic:canonical:none:none,semantic,resolves_to,General_Ledger,GEN_RES_GLF_EVE_2BCFCEA5,,,1,3,1,,,
431,gl_job_cost_detail:event_type:semantic:General_Ledger:resolves_to:GEN_RES_GLJ_EVE_69196D58,manufacturing_graph_edge/gl_job_cost_detail:event_type:semantic:General_Ledger:resolves_to:GEN_RES_GLJ_EVE_69196D58,manufacturing_graph_node/gl_job_cost_detail:event_type:structural:system:none:none,manufacturing_graph_node/JobCostElement:entity:semantic:canonical:none:none,semantic,resolves_to,General_Ledger,GEN_RES_GLJ_EVE_69196D58,,,1,3,1,,,
432,gl_raw_materials_inventory:amount:semantic:General_Ledger:resolves_to:GEN_RES_GLR_AMO_2C35CEE0,manufacturing_graph_edge/gl_raw_materials_inventory:amount:semantic:General_Ledger:resolves_to:GEN_RES_GLR_AMO_2C35CEE0,manufacturing_graph_node/gl_raw_materials_inventory:amount:structural:system:none:none,manufacturing_graph_node/InventoryBucketBalance:entity:semantic:canonical:none:none,semantic,resolves_to,General_Ledger,GEN_RES_GLR_AMO_2C35CEE0,,,1,3,1,,,
433,gl_raw_materials_inventory:event_type:semantic:General_Ledger:resolves_to:GEN_RES_GLR_EVE_B8DD5D79,manufacturing_graph_edge/gl_raw_materials_inventory:event_type:semantic:General_Ledger:resolves_to:GEN_RES_GLR_EVE_B8DD5D79,manufacturing_graph_node/gl_raw_materials_inventory:event_type:structural:system:none:none,manufacturing_graph_node/MaterialIssueFlow:entity:semantic:canonical:none:none,semantic,resolves_to,General_Ledger,GEN_RES_GLR_EVE_B8DD5D79,,,1,3,1,,,
434,gl_wip_inventory:amount:semantic:General_Ledger:resolves_to:GEN_RES_GLW_AMO_811613C3,manufacturing_graph_edge/gl_wip_inventory:amount:semantic:General_Ledger:resolves_to:GEN_RES_GLW_AMO_811613C3,manufacturing_graph_node/gl_wip_inventory:amount:structural:system:none:none,manufacturing_graph_node/InventoryBucketBalance:entity:semantic:canonical:none:none,semantic,resolves_to,General_Ledger,GEN_RES_GLW_AMO_811613C3,,,1,3,1,,,
435,customer_order_line:order_qty:semantic:Inventory_Transactions:resolves_to:INV_RES_CUS_ORD_EDED431D,manufacturing_graph_edge/customer_order_line:order_qty:semantic:Inventory_Transactions:resolves_to:INV_RES_CUS_ORD_EDED431D,manufacturing_graph_node/customer_order_line:order_qty:structural:system:none:none,manufacturing_graph_node/AllocatedQuantity:entity:semantic:canonical:none:none,semantic,resolves_to,Inventory_Transactions,INV_RES_CUS_ORD_EDED431D,,,1,3,3,,,
436,inventory_transaction:site_id:semantic:Inventory_Transactions:resolves_to:INV_RES_INV_SIT_F69B54C2,manufacturing_graph_edge/inventory_transaction:site_id:semantic:Inventory_Transactions:resolves_to:INV_RES_INV_SIT_F69B54C2,manufacturing_graph_node/inventory_transaction:site_id:structural:system:none:none,manufacturing_graph_node/WarehouseLocation:entity:semantic:canonical:none:none,semantic,resolves_to,Inventory_Transactions,INV_RES_INV_SIT_F69B54C2,,,1,3,1,,,
437,inventory_transaction:type:semantic:Inventory_Transactions:resolves_to:INV_RES_INV_TYP_B9C0250F,manufacturing_graph_edge/inventory_transaction:type:semantic:Inventory_Transactions:resolves_to:INV_RES_INV_TYP_B9C0250F,manufacturing_graph_node/inventory_transaction:type:structural:system:none:none,manufacturing_graph_node/StockMovementDirection:entity:semantic:canonical:none:none,semantic,resolves_to,Inventory_Transactions,INV_RES_INV_TYP_B9C0250F,,,1,3,1,,,
438,part:lead_time_days:semantic:Inventory_Transactions:resolves_to:INV_RES_PAR_LEA_D76D7E4A,manufacturing_graph_edge/part:lead_time_days:semantic:Inventory_Transactions:resolves_to:INV_RES_PAR_LEA_D76D7E4A,manufacturing_graph_node/part:lead_time_days:structural:system:none:none,manufacturing_graph_node/LeadTime:entity:semantic:canonical:none:none,semantic,resolves_to,Inventory_Transactions,INV_RES_PAR_LEA_D76D7E4A,,,1,3,1,,,
439,part:lead_time_days:semantic:Inventory_Transactions:resolves_to:INV_RES_PAR_LEA_CD5BAFD3,manufacturing_graph_edge/part:lead_time_days:semantic:Inventory_Transactions:resolves_to:INV_RES_PAR_LEA_CD5BAFD3,manufacturing_graph_node/part:lead_time_days:structural:system:none:none,manufacturing_graph_node/LeadTimeDemand:entity:semantic:canonical:none:none,semantic,resolves_to,Inventory_Transactions,INV_RES_PAR_LEA_CD5BAFD3,,,1,3,2,,,
440,part:on_hand_qty:semantic:Inventory_Transactions:resolves_to:INV_RES_PAR_ONH_27585D71,manufacturing_graph_edge/part:on_hand_qty:semantic:Inventory_Transactions:resolves_to:INV_RES_PAR_ONH_27585D71,manufacturing_graph_node/part:on_hand_qty:structural:system:none:none,manufacturing_graph_node/AvailableToPromise:entity:semantic:canonical:none:none,semantic,resolves_to,Inventory_Transactions,INV_RES_PAR_ONH_27585D71,,,1,3,2,,,
441,part:on_hand_qty:semantic:Inventory_Transactions:resolves_to:INV_RES_PAR_ONH_730D50EA,manufacturing_graph_edge/part:on_hand_qty:semantic:Inventory_Transactions:resolves_to:INV_RES_PAR_ONH_730D50EA,manufacturing_graph_node/part:on_hand_qty:structural:system:none:none,manufacturing_graph_node/OnHandQuantity:entity:semantic:canonical:none:none,semantic,resolves_to,Inventory_Transactions,INV_RES_PAR_ONH_730D50EA,,,1,3,1,,,
442,part:reorder_point:semantic:Inventory_Transactions:resolves_to:INV_RES_PAR_REO_E56C032D,manufacturing_graph_edge/part:reorder_point:semantic:Inventory_Transactions:resolves_to:INV_RES_PAR_REO_E56C032D,manufacturing_graph_node/part:reorder_point:structural:system:none:none,manufacturing_graph_node/MinimumStockQuantity:entity:semantic:canonical:none:none,semantic,resolves_to,Inventory_Transactions,INV_RES_PAR_REO_E56C032D,,,1,3,3,,,
443,part:reorder_point:semantic:Inventory_Transactions:resolves_to:INV_RES_PAR_REO_5E3E705E,manufacturing_graph_edge/part:reorder_point:semantic:Inventory_Transactions:resolves_to:INV_RES_PAR_REO_5E3E705E,manufacturing_graph_node/part:reorder_point:structural:system:none:none,manufacturing_graph_node/ReorderPoint:entity:semantic:canonical:none:none,semantic,resolves_to,Inventory_Transactions,INV_RES_PAR_REO_5E3E705E,,,1,3,1,,,
444,part:reorder_point:semantic:Inventory_Transactions:resolves_to:INV_RES_PAR_REO_F80E576F,manufacturing_graph_edge/part:reorder_point:semantic:Inventory_Transactions:resolves_to:INV_RES_PAR_REO_F80E576F,manufacturing_graph_node/part:reorder_point:structural:system:none:none,manufacturing_graph_node/SafetyStock:entity:semantic:canonical:none:none,semantic,resolves_to,Inventory_Transactions,INV_RES_PAR_REO_F80E576F,,,1,3,2,,,
445,po_line:quantity:semantic:Inventory_Transactions:resolves_to:INV_RES_POL_QUA_D03D9E0B,manufacturing_graph_edge/po_line:quantity:semantic:Inventory_Transactions:resolves_to:INV_RES_POL_QUA_D03D9E0B,manufacturing_graph_node/po_line:quantity:structural:system:none:none,manufacturing_graph_node/EconomicOrderQuantity:entity:semantic:canonical:none:none,semantic,resolves_to,Inventory_Transactions,INV_RES_POL_QUA_D03D9E0B,,,1,3,2,,,
446,po_line:quantity:semantic:Inventory_Transactions:resolves_to:INV_RES_POL_QUA_CCA86A7D,manufacturing_graph_edge/po_line:quantity:semantic:Inventory_Transactions:resolves_to:INV_RES_POL_QUA_CCA86A7D,manufacturing_graph_node/po_line:quantity:structural:system:none:none,manufacturing_graph_node/MaximumStockQuantity:entity:semantic:canonical:none:none,semantic,resolves_to,Inventory_Transactions,INV_RES_POL_QUA_CCA86A7D,,,1,3,1,,,
447,customer_order_line:order_qty:semantic:Manufacturing:resolves_to:MAN_RES_CUS_ORD_6ACA8F1A,manufacturing_graph_edge/customer_order_line:order_qty:semantic:Manufacturing:resolves_to:MAN_RES_CUS_ORD_6ACA8F1A,manufacturing_graph_node/customer_order_line:order_qty:structural:system:none:none,manufacturing_graph_node/QuantityBasisManufacturing:entity:semantic:canonical:none:none,semantic,resolves_to,Manufacturing,MAN_RES_CUS_ORD_6ACA8F1A,,,1,3,2,,,
448,operation:act_run_hrs:semantic:Manufacturing:resolves_to:MAN_RES_OPE_ACT_9A2A8D20,manufacturing_graph_edge/operation:act_run_hrs:semantic:Manufacturing:resolves_to:MAN_RES_OPE_ACT_9A2A8D20,manufacturing_graph_node/operation:act_run_hrs:structural:system:none:none,manufacturing_graph_node/OEEOperational:entity:semantic:canonical:none:none,semantic,resolves_to,Manufacturing,MAN_RES_OPE_ACT_9A2A8D20,,,1,3,1,act_run_hrs,,
449,operation:run_hrs:semantic:Manufacturing:resolves_to:MAN_RES_OPE_RUN_1451F015,manufacturing_graph_edge/operation:run_hrs:semantic:Manufacturing:resolves_to:MAN_RES_OPE_RUN_1451F015,manufacturing_graph_node/operation:run_hrs:structural:system:none:none,manufacturing_graph_node/OEEOperational:entity:semantic:canonical:none:none,semantic,resolves_to,Manufacturing,MAN_RES_OPE_RUN_1451F015,,,1,3,1,run_hrs,,
450,operation:status:semantic:Manufacturing:resolves_to:MAN_RES_OPE_STA_F1C8FB4D,manufacturing_graph_edge/operation:status:semantic:Manufacturing:resolves_to:MAN_RES_OPE_STA_F1C8FB4D,manufacturing_graph_node/operation:status:structural:system:none:none,manufacturing_graph_node/OperationExecutionState:entity:semantic:canonical:none:none,semantic,resolves_to,Manufacturing,MAN_RES_OPE_STA_F1C8FB4D,,,1,3,1,,,
451,purchase_order:required_date:semantic:Manufacturing:resolves_to:MAN_RES_PUR_REQ_13B2D224,manufacturing_graph_edge/purchase_order:required_date:semantic:Manufacturing:resolves_to:MAN_RES_PUR_REQ_13B2D224,manufacturing_graph_node/purchase_order:required_date:structural:system:none:none,manufacturing_graph_node/DeliveryPerformanceOps:entity:semantic:canonical:none:none,semantic,resolves_to,Manufacturing,MAN_RES_PUR_REQ_13B2D224,,,1,3,1,required_date,,
452,receiving:receipt_date:semantic:Manufacturing:resolves_to:MAN_RES_REC_REC_1EBD5B78,manufacturing_graph_edge/receiving:receipt_date:semantic:Manufacturing:resolves_to:MAN_RES_REC_REC_1EBD5B78,manufacturing_graph_node/receiving:receipt_date:structural:system:none:none,manufacturing_graph_node/DeliveryPerformanceOps:entity:semantic:canonical:none:none,semantic,resolves_to,Manufacturing,MAN_RES_REC_REC_1EBD5B78,,,1,3,1,receipt_date,,
453,requirement:component_type:semantic:Manufacturing:resolves_to:MAN_RES_REQ_COM_15E71745,manufacturing_graph_edge/requirement:component_type:semantic:Manufacturing:resolves_to:MAN_RES_REQ_COM_15E71745,manufacturing_graph_node/requirement:component_type:structural:system:none:none,manufacturing_graph_node/RequirementBasisManufacturing:entity:semantic:canonical:none:none,semantic,resolves_to,Manufacturing,MAN_RES_REQ_COM_15E71745,,,1,3,2,,,
454,work_order:quantity:semantic:Manufacturing:resolves_to:MAN_RES_WOR_QUA_11EF3753,manufacturing_graph_edge/work_order:quantity:semantic:Manufacturing:resolves_to:MAN_RES_WOR_QUA_11EF3753,manufacturing_graph_node/work_order:quantity:structural:system:none:none,manufacturing_graph_node/QuantityBasisManufacturing:entity:semantic:canonical:none:none,semantic,resolves_to,Manufacturing,MAN_RES_WOR_QUA_11EF3753,,,1,3,2,,,
455,part:part_class:semantic:Parts:resolves_to:PAR_RES_PAR_PAR_31651205,manufacturing_graph_edge/part:part_class:semantic:Parts:resolves_to:PAR_RES_PAR_PAR_31651205,manufacturing_graph_node/part:part_class:structural:system:none:none,manufacturing_graph_node/PartSourcingClass:entity:semantic:canonical:none:none,semantic,resolves_to,Parts,PAR_RES_PAR_PAR_31651205,,,1,3,1,,,
456,payables:three_way_match_status:semantic:Payables:resolves_to:PAY_RES_PAY_THR_878F9A26,manufacturing_graph_edge/payables:three_way_match_status:semantic:Payables:resolves_to:PAY_RES_PAY_THR_878F9A26,manufacturing_graph_node/payables:three_way_match_status:structural:system:none:none,manufacturing_graph_node/ThreeWayMatchState:entity:semantic:canonical:none:none,semantic,resolves_to,Payables,PAY_RES_PAY_THR_878F9A26,,,1,2,1,,,
457,purchase_order:required_date:semantic:Payables:resolves_to:PAY_RES_PUR_REQ_2542DC63,manufacturing_graph_edge/purchase_order:required_date:semantic:Payables:resolves_to:PAY_RES_PUR_REQ_2542DC63,manufacturing_graph_node/purchase_order:required_date:structural:system:none:none,manufacturing_graph_node/DeliveryPerformanceFinance:entity:semantic:canonical:none:none,semantic,resolves_to,Payables,PAY_RES_PUR_REQ_2542DC63,,,1,2,3,required_date,,
458,purchase_order:status:semantic:Payables:resolves_to:PAY_RES_PUR_STA_E000238A,manufacturing_graph_edge/purchase_order:status:semantic:Payables:resolves_to:PAY_RES_PUR_STA_E000238A,manufacturing_graph_node/purchase_order:status:structural:system:none:none,manufacturing_graph_node/PurchaseOrderLifecycleState:entity:semantic:canonical:none:none,semantic,resolves_to,Payables,PAY_RES_PUR_STA_E000238A,,,1,3,1,,,
459,receiving:receipt_date:semantic:Payables:resolves_to:PAY_RES_REC_REC_D1E85751,manufacturing_graph_edge/receiving:receipt_date:semantic:Payables:resolves_to:PAY_RES_REC_REC_D1E85751,manufacturing_graph_node/receiving:receipt_date:structural:system:none:none,manufacturing_graph_node/DeliveryPerformanceFinance:entity:semantic:canonical:none:none,semantic,resolves_to,Payables,PAY_RES_REC_REC_D1E85751,,,1,2,3,receipt_date,,
460,certification:cert_type:semantic:Quality:resolves_to:QUA_RES_CER_CER_05CBF600,manufacturing_graph_edge/certification:cert_type:semantic:Quality:resolves_to:QUA_RES_CER_CER_05CBF600,manufacturing_graph_node/certification:cert_type:structural:system:none:none,manufacturing_graph_node/CertificationType:entity:semantic:canonical:none:none,semantic,resolves_to,Quality,QUA_RES_CER_CER_05CBF600,,,1,3,1,,,
461,certification:status:semantic:Quality:resolves_to:QUA_RES_CER_STA_99CA25BB,manufacturing_graph_edge/certification:status:semantic:Quality:resolves_to:QUA_RES_CER_STA_99CA25BB,manufacturing_graph_node/certification:status:structural:system:none:none,manufacturing_graph_node/CertificationStatusState:entity:semantic:canonical:none:none,semantic,resolves_to,Quality,QUA_RES_CER_STA_99CA25BB,,,1,3,1,,,
462,purchase_order:required_date:semantic:Quality:resolves_to:QUA_RES_PUR_REQ_B58E0A1C,manufacturing_graph_edge/purchase_order:required_date:semantic:Quality:resolves_to:QUA_RES_PUR_REQ_B58E0A1C,manufacturing_graph_node/purchase_order:required_date:structural:system:none:none,manufacturing_graph_node/DeliveryPerformanceSupplier:entity:semantic:canonical:none:none,semantic,resolves_to,Quality,QUA_RES_PUR_REQ_B58E0A1C,,,1,2,2,required_date,,
463,receiving:inspection_status:semantic:Quality:resolves_to:QUA_RES_REC_INS_FD27B632,manufacturing_graph_edge/receiving:inspection_status:semantic:Quality:resolves_to:QUA_RES_REC_INS_FD27B632,manufacturing_graph_node/receiving:inspection_status:structural:system:none:none,manufacturing_graph_node/ReceivingInspectionState:entity:semantic:canonical:none:none,semantic,resolves_to,Quality,QUA_RES_REC_INS_FD27B632,,,1,3,1,,,
464,receiving:receipt_date:semantic:Quality:resolves_to:QUA_RES_REC_REC_1B2BA829,manufacturing_graph_edge/receiving:receipt_date:semantic:Quality:resolves_to:QUA_RES_REC_REC_1B2BA829,manufacturing_graph_node/receiving:receipt_date:structural:system:none:none,manufacturing_graph_node/DeliveryPerformanceSupplier:entity:semantic:canonical:none:none,semantic,resolves_to,Quality,QUA_RES_REC_REC_1B2BA829,,,1,2,2,receipt_date,,
465,customer_order:status:semantic:Receivables:resolves_to:REC_RES_CUS_STA_5EC8A23D,manufacturing_graph_edge/customer_order:status:semantic:Receivables:resolves_to:REC_RES_CUS_STA_5EC8A23D,manufacturing_graph_node/customer_order:status:structural:system:none:none,manufacturing_graph_node/OrderAccountingState:entity:semantic:canonical:none:none,semantic,resolves_to,Receivables,REC_RES_CUS_STA_5EC8A23D,,,1,3,1,,,
466,purchase_order:required_date:semantic:Receivables:resolves_to:REC_RES_PUR_REQ_2046DC70,manufacturing_graph_edge/purchase_order:required_date:semantic:Receivables:resolves_to:REC_RES_PUR_REQ_2046DC70,manufacturing_graph_node/purchase_order:required_date:structural:system:none:none,manufacturing_graph_node/DeliveryPerformanceSupplier:entity:semantic:canonical:none:none,semantic,resolves_to,Receivables,REC_RES_PUR_REQ_2046DC70,,,1,2,2,required_date,,
467,receivable_payment:amount:semantic:Receivables:resolves_to:REC_RES_REC_AMO_F1F660A0,manufacturing_graph_edge/receivable_payment:amount:semantic:Receivables:resolves_to:REC_RES_REC_AMO_F1F660A0,manufacturing_graph_node/receivable_payment:amount:structural:system:none:none,manufacturing_graph_node/ARCashReceiptAmount:entity:semantic:canonical:none:none,semantic,resolves_to,Receivables,REC_RES_REC_AMO_F1F660A0,,,1,3,1,,,
468,receivable_payment:installment_no:semantic:Receivables:resolves_to:REC_RES_REC_INS_554ED282,manufacturing_graph_edge/receivable_payment:installment_no:semantic:Receivables:resolves_to:REC_RES_REC_INS_554ED282,manufacturing_graph_node/receivable_payment:installment_no:structural:system:none:none,manufacturing_graph_node/ARInstallmentSequence:entity:semantic:canonical:none:none,semantic,resolves_to,Receivables,REC_RES_REC_INS_554ED282,,,1,3,1,,,
469,receivable_payment:invoice_id:semantic:Receivables:resolves_to:REC_RES_REC_INV_24531FF7,manufacturing_graph_edge/receivable_payment:invoice_id:semantic:Receivables:resolves_to:REC_RES_REC_INV_24531FF7,manufacturing_graph_node/receivable_payment:invoice_id:structural:system:none:none,manufacturing_graph_node/ARInvoiceReference:entity:semantic:canonical:none:none,semantic,resolves_to,Receivables,REC_RES_REC_INV_24531FF7,,,1,3,1,,,
470,receivable_payment:payment_date:semantic:Receivables:resolves_to:REC_RES_REC_PAY_18D39A40,manufacturing_graph_edge/receivable_payment:payment_date:semantic:Receivables:resolves_to:REC_RES_REC_PAY_18D39A40,manufacturing_graph_node/receivable_payment:payment_date:structural:system:none:none,manufacturing_graph_node/ARPaymentDate:entity:semantic:canonical:none:none,semantic,resolves_to,Receivables,REC_RES_REC_PAY_18D39A40,,,1,3,1,,,
471,receiving:receipt_date:semantic:Receivables:resolves_to:REC_RES_REC_REC_1C0C8B26,manufacturing_graph_edge/receiving:receipt_date:semantic:Receivables:resolves_to:REC_RES_REC_REC_1C0C8B26,manufacturing_graph_node/receiving:receipt_date:structural:system:none:none,manufacturing_graph_node/DeliveryPerformanceSupplier:entity:semantic:canonical:none:none,semantic,resolves_to,Receivables,REC_RES_REC_REC_1C0C8B26,,,1,2,2,receipt_date,,
472,purchase_order:required_date:semantic:Work_Orders:resolves_to:WOR_RES_PUR_REQ_257C68AC,manufacturing_graph_edge/purchase_order:required_date:semantic:Work_Orders:resolves_to:WOR_RES_PUR_REQ_257C68AC,manufacturing_graph_node/purchase_order:required_date:structural:system:none:none,manufacturing_graph_node/DeliveryPerformanceOps:entity:semantic:canonical:none:none,semantic,resolves_to,Work_Orders,WOR_RES_PUR_REQ_257C68AC,,,1,3,1,required_date,,
473,receiving:receipt_date:semantic:Work_Orders:resolves_to:WOR_RES_REC_REC_FC7963C5,manufacturing_graph_edge/receiving:receipt_date:semantic:Work_Orders:resolves_to:WOR_RES_REC_REC_FC7963C5,manufacturing_graph_node/receiving:receipt_date:structural:system:none:none,manufacturing_graph_node/DeliveryPerformanceOps:entity:semantic:canonical:none:none,semantic,resolves_to,Work_Orders,WOR_RES_REC_REC_FC7963C5,,,1,3,1,receipt_date,,
474,work_order:status:semantic:Work_Orders:resolves_to:WOR_RES_WOR_STA_CC3A8A0D,manufacturing_graph_edge/work_order:status:semantic:Work_Orders:resolves_to:WOR_RES_WOR_STA_CC3A8A0D,manufacturing_graph_node/work_order:status:structural:system:none:none,manufacturing_graph_node/WorkOrderLifecycleState:entity:semantic:canonical:none:none,semantic,resolves_to,Work_Orders,WOR_RES_WOR_STA_CC3A8A0D,,,1,3,1,,,
475,inventory_allocated_20260703_000005:customer_order:manifest:Inventory_Transactions:binds_table:INV_BIN_INV_CUS_001,manufacturing_graph_edge/inventory_allocated_20260703_000005:customer_order:manifest:Inventory_Transactions:binds_table:INV_BIN_INV_CUS_001,manufacturing_graph_node/inventory_allocated_20260703_000005:entity:manifest:Inventory_Transactions:none:none,manufacturing_graph_node/customer_order:entity:structural:system:none:none,manifest,binds_table,Inventory_Transactions,INV_BIN_INV_CUS_001,,,,,,,,
476,inventory_allocated_20260703_000005:customer_order_line:manifest:Inventory_Transactions:binds_table:INV_BIN_INV_CUS_002,manufacturing_graph_edge/inventory_allocated_20260703_000005:customer_order_line:manifest:Inventory_Transactions:binds_table:INV_BIN_INV_CUS_002,manufacturing_graph_node/inventory_allocated_20260703_000005:entity:manifest:Inventory_Transactions:none:none,manufacturing_graph_node/customer_order_line:entity:structural:system:none:none,manifest,binds_table,Inventory_Transactions,INV_BIN_INV_CUS_002,,,,,,,,
477,inventory_allocated_20260703_000005:part:manifest:Inventory_Transactions:binds_table:INV_BIN_INV_PAR_001,manufacturing_graph_edge/inventory_allocated_20260703_000005:part:manifest:Inventory_Transactions:binds_table:INV_BIN_INV_PAR_001,manufacturing_graph_node/inventory_allocated_20260703_000005:entity:manifest:Inventory_Transactions:none:none,manufacturing_graph_node/part:entity:structural:system:none:none,manifest,binds_table,Inventory_Transactions,INV_BIN_INV_PAR_001,,,,,,,,
478,inventory_atp_20260703_000004:customer_order:manifest:Inventory_Transactions:binds_table:INV_BIN_INV_CUS_003,manufacturing_graph_edge/inventory_atp_20260703_000004:customer_order:manifest:Inventory_Transactions:binds_table:INV_BIN_INV_CUS_003,manufacturing_graph_node/inventory_atp_20260703_000004:entity:manifest:Inventory_Transactions:none:none,manufacturing_graph_node/customer_order:entity:structural:system:none:none,manifest,binds_table,Inventory_Transactions,INV_BIN_INV_CUS_003,,,,,,,,
479,inventory_atp_20260703_000004:customer_order_line:manifest:Inventory_Transactions:binds_table:INV_BIN_INV_CUS_004,manufacturing_graph_edge/inventory_atp_20260703_000004:customer_order_line:manifest:Inventory_Transactions:binds_table:INV_BIN_INV_CUS_004,manufacturing_graph_node/inventory_atp_20260703_000004:entity:manifest:Inventory_Transactions:none:none,manufacturing_graph_node/customer_order_line:entity:structural:system:none:none,manifest,binds_table,Inventory_Transactions,INV_BIN_INV_CUS_004,,,,,,,,
480,inventory_atp_20260703_000004:part:manifest:Inventory_Transactions:binds_table:INV_BIN_INV_PAR_002,manufacturing_graph_edge/inventory_atp_20260703_000004:part:manifest:Inventory_Transactions:binds_table:INV_BIN_INV_PAR_002,manufacturing_graph_node/inventory_atp_20260703_000004:entity:manifest:Inventory_Transactions:none:none,manufacturing_graph_node/part:entity:structural:system:none:none,manifest,binds_table,Inventory_Transactions,INV_BIN_INV_PAR_002,,,,,,,,
481,inventory_atp_20260703_000004:po_line:manifest:Inventory_Transactions:binds_table:INV_BIN_INV_POL_001,manufacturing_graph_edge/inventory_atp_20260703_000004:po_line:manifest:Inventory_Transactions:binds_table:INV_BIN_INV_POL_001,manufacturing_graph_node/inventory_atp_20260703_000004:entity:manifest:Inventory_Transactions:none:none,manufacturing_graph_node/po_line:entity:structural:system:none:none,manifest,binds_table,Inventory_Transactions,INV_BIN_INV_POL_001,,,,,,,,
482,inventory_atp_20260703_000004:purchase_order:manifest:Inventory_Transactions:binds_table:INV_BIN_INV_PUR_001,manufacturing_graph_edge/inventory_atp_20260703_000004:purchase_order:manifest:Inventory_Transactions:binds_table:INV_BIN_INV_PUR_001,manufacturing_graph_node/inventory_atp_20260703_000004:entity:manifest:Inventory_Transactions:none:none,manufacturing_graph_node/purchase_order:entity:structural:system:none:none,manifest,binds_table,Inventory_Transactions,INV_BIN_INV_PUR_001,,,,,,,,
483,inventory_atp_20260703_000004:work_order:manifest:Inventory_Transactions:binds_table:INV_BIN_INV_WOR_001,manufacturing_graph_edge/inventory_atp_20260703_000004:work_order:manifest:Inventory_Transactions:binds_table:INV_BIN_INV_WOR_001,manufacturing_graph_node/inventory_atp_20260703_000004:entity:manifest:Inventory_Transactions:none:none,manufacturing_graph_node/work_order:entity:structural:system:none:none,manifest,binds_table,Inventory_Transactions,INV_BIN_INV_WOR_001,,,,,,,,
484,inventory_eoq_20260703_000010:part:manifest:Inventory_Transactions:binds_table:INV_BIN_INV_PAR_003,manufacturing_graph_edge/inventory_eoq_20260703_000010:part:manifest:Inventory_Transactions:binds_table:INV_BIN_INV_PAR_003,manufacturing_graph_node/inventory_eoq_20260703_000010:entity:manifest:Inventory_Transactions:none:none,manufacturing_graph_node/part:entity:structural:system:none:none,manifest,binds_table,Inventory_Transactions,INV_BIN_INV_PAR_003,,,,,,,,
485,inventory_eoq_20260703_000010:po_line:manifest:Inventory_Transactions:binds_table:INV_BIN_INV_POL_002,manufacturing_graph_edge/inventory_eoq_20260703_000010:po_line:manifest:Inventory_Transactions:binds_table:INV_BIN_INV_POL_002,manufacturing_graph_node/inventory_eoq_20260703_000010:entity:manifest:Inventory_Transactions:none:none,manufacturing_graph_node/po_line:entity:structural:system:none:none,manifest,binds_table,Inventory_Transactions,INV_BIN_INV_POL_002,,,,,,,,
486,inventory_eoq_20260703_000010:purchase_order:manifest:Inventory_Transactions:binds_table:INV_BIN_INV_PUR_002,manufacturing_graph_edge/inventory_eoq_20260703_000010:purchase_order:manifest:Inventory_Transactions:binds_table:INV_BIN_INV_PUR_002,manufacturing_graph_node/inventory_eoq_20260703_000010:entity:manifest:Inventory_Transactions:none:none,manufacturing_graph_node/purchase_order:entity:structural:system:none:none,manifest,binds_table,Inventory_Transactions,INV_BIN_INV_PUR_002,,,,,,,,
487,inventory_leadtime_20260703_000003:part:manifest:Inventory_Transactions:binds_table:INV_BIN_INV_PAR_004,manufacturing_graph_edge/inventory_leadtime_20260703_000003:part:manifest:Inventory_Transactions:binds_table:INV_BIN_INV_PAR_004,manufacturing_graph_node/inventory_leadtime_20260703_000003:entity:manifest:Inventory_Transactions:none:none,manufacturing_graph_node/part:entity:structural:system:none:none,manifest,binds_table,Inventory_Transactions,INV_BIN_INV_PAR_004,,,,,,,,
488,inventory_leadtimedemand_20260703_000007:customer_order:manifest:Inventory_Transactions:binds_table:INV_BIN_INV_CUS_005,manufacturing_graph_edge/inventory_leadtimedemand_20260703_000007:customer_order:manifest:Inventory_Transactions:binds_table:INV_BIN_INV_CUS_005,manufacturing_graph_node/inventory_leadtimedemand_20260703_000007:entity:manifest:Inventory_Transactions:none:none,manufacturing_graph_node/customer_order:entity:structural:system:none:none,manifest,binds_table,Inventory_Transactions,INV_BIN_INV_CUS_005,,,,,,,,
489,inventory_leadtimedemand_20260703_000007:customer_order_line:manifest:Inventory_Transactions:binds_table:INV_BIN_INV_CUS_006,manufacturing_graph_edge/inventory_leadtimedemand_20260703_000007:customer_order_line:manifest:Inventory_Transactions:binds_table:INV_BIN_INV_CUS_006,manufacturing_graph_node/inventory_leadtimedemand_20260703_000007:entity:manifest:Inventory_Transactions:none:none,manufacturing_graph_node/customer_order_line:entity:structural:system:none:none,manifest,binds_table,Inventory_Transactions,INV_BIN_INV_CUS_006,,,,,,,,
490,inventory_leadtimedemand_20260703_000007:part:manifest:Inventory_Transactions:binds_table:INV_BIN_INV_PAR_005,manufacturing_graph_edge/inventory_leadtimedemand_20260703_000007:part:manifest:Inventory_Transactions:binds_table:INV_BIN_INV_PAR_005,manufacturing_graph_node/inventory_leadtimedemand_20260703_000007:entity:manifest:Inventory_Transactions:none:none,manufacturing_graph_node/part:entity:structural:system:none:none,manifest,binds_table,Inventory_Transactions,INV_BIN_INV_PAR_005,,,,,,,,
491,inventory_leadtimedemand_20260703_000007:work_order:manifest:Inventory_Transactions:binds_table:INV_BIN_INV_WOR_002,manufacturing_graph_edge/inventory_leadtimedemand_20260703_000007:work_order:manifest:Inventory_Transactions:binds_table:INV_BIN_INV_WOR_002,manufacturing_graph_node/inventory_leadtimedemand_20260703_000007:entity:manifest:Inventory_Transactions:none:none,manufacturing_graph_node/work_order:entity:structural:system:none:none,manifest,binds_table,Inventory_Transactions,INV_BIN_INV_WOR_002,,,,,,,,
492,inventory_maximumstock_20260703_000009:part:manifest:Inventory_Transactions:binds_table:INV_BIN_INV_PAR_006,manufacturing_graph_edge/inventory_maximumstock_20260703_000009:part:manifest:Inventory_Transactions:binds_table:INV_BIN_INV_PAR_006,manufacturing_graph_node/inventory_maximumstock_20260703_000009:entity:manifest:Inventory_Transactions:none:none,manufacturing_graph_node/part:entity:structural:system:none:none,manifest,binds_table,Inventory_Transactions,INV_BIN_INV_PAR_006,,,,,,,,
493,inventory_maximumstock_20260703_000009:po_line:manifest:Inventory_Transactions:binds_table:INV_BIN_INV_POL_003,manufacturing_graph_edge/inventory_maximumstock_20260703_000009:po_line:manifest:Inventory_Transactions:binds_table:INV_BIN_INV_POL_003,manufacturing_graph_node/inventory_maximumstock_20260703_000009:entity:manifest:Inventory_Transactions:none:none,manufacturing_graph_node/po_line:entity:structural:system:none:none,manifest,binds_table,Inventory_Transactions,INV_BIN_INV_POL_003,,,,,,,,
494,inventory_maximumstock_20260703_000009:purchase_order:manifest:Inventory_Transactions:binds_table:INV_BIN_INV_PUR_003,manufacturing_graph_edge/inventory_maximumstock_20260703_000009:purchase_order:manifest:Inventory_Transactions:binds_table:INV_BIN_INV_PUR_003,manufacturing_graph_node/inventory_maximumstock_20260703_000009:entity:manifest:Inventory_Transactions:none:none,manufacturing_graph_node/purchase_order:entity:structural:system:none:none,manifest,binds_table,Inventory_Transactions,INV_BIN_INV_PUR_003,,,,,,,,
495,inventory_minimumstock_20260703_000008:part:manifest:Inventory_Transactions:binds_table:INV_BIN_INV_PAR_007,manufacturing_graph_edge/inventory_minimumstock_20260703_000008:part:manifest:Inventory_Transactions:binds_table:INV_BIN_INV_PAR_007,manufacturing_graph_node/inventory_minimumstock_20260703_000008:entity:manifest:Inventory_Transactions:none:none,manufacturing_graph_node/part:entity:structural:system:none:none,manifest,binds_table,Inventory_Transactions,INV_BIN_INV_PAR_007,,,,,,,,
496,inventory_onhandquantity_20260703_000002:part:manifest:Inventory_Transactions:binds_table:INV_BIN_INV_PAR_008,manufacturing_graph_edge/inventory_onhandquantity_20260703_000002:part:manifest:Inventory_Transactions:binds_table:INV_BIN_INV_PAR_008,manufacturing_graph_node/inventory_onhandquantity_20260703_000002:entity:manifest:Inventory_Transactions:none:none,manufacturing_graph_node/part:entity:structural:system:none:none,manifest,binds_table,Inventory_Transactions,INV_BIN_INV_PAR_008,,,,,,,,
497,inventory_reorderpoint_20260703_000001:part:manifest:Inventory_Transactions:binds_table:INV_BIN_INV_PAR_009,manufacturing_graph_edge/inventory_reorderpoint_20260703_000001:part:manifest:Inventory_Transactions:binds_table:INV_BIN_INV_PAR_009,manufacturing_graph_node/inventory_reorderpoint_20260703_000001:entity:manifest:Inventory_Transactions:none:none,manufacturing_graph_node/part:entity:structural:system:none:none,manifest,binds_table,Inventory_Transactions,INV_BIN_INV_PAR_009,,,,,,,,
498,inventory_safetystock_20260703_000006:customer_order:manifest:Inventory_Transactions:binds_table:INV_BIN_INV_CUS_007,manufacturing_graph_edge/inventory_safetystock_20260703_000006:customer_order:manifest:Inventory_Transactions:binds_table:INV_BIN_INV_CUS_007,manufacturing_graph_node/inventory_safetystock_20260703_000006:entity:manifest:Inventory_Transactions:none:none,manufacturing_graph_node/customer_order:entity:structural:system:none:none,manifest,binds_table,Inventory_Transactions,INV_BIN_INV_CUS_007,,,,,,,,
499,inventory_safetystock_20260703_000006:customer_order_line:manifest:Inventory_Transactions:binds_table:INV_BIN_INV_CUS_008,manufacturing_graph_edge/inventory_safetystock_20260703_000006:customer_order_line:manifest:Inventory_Transactions:binds_table:INV_BIN_INV_CUS_008,manufacturing_graph_node/inventory_safetystock_20260703_000006:entity:manifest:Inventory_Transactions:none:none,manufacturing_graph_node/customer_order_line:entity:structural:system:none:none,manifest,binds_table,Inventory_Transactions,INV_BIN_INV_CUS_008,,,,,,,,
500,inventory_safetystock_20260703_000006:part:manifest:Inventory_Transactions:binds_table:INV_BIN_INV_PAR_010,manufacturing_graph_edge/inventory_safetystock_20260703_000006:part:manifest:Inventory_Transactions:binds_table:INV_BIN_INV_PAR_010,manufacturing_graph_node/inventory_safetystock_20260703_000006:entity:manifest:Inventory_Transactions:none:none,manufacturing_graph_node/part:entity:structural:system:none:none,manifest,binds_table,Inventory_Transactions,INV_BIN_INV_PAR_010,,,,,,,,
501,inventory_safetystock_20260703_000006:work_order:manifest:Inventory_Transactions:binds_table:INV_BIN_INV_WOR_003,manufacturing_graph_edge/inventory_safetystock_20260703_000006:work_order:manifest:Inventory_Transactions:binds_table:INV_BIN_INV_WOR_003,manufacturing_graph_node/inventory_safetystock_20260703_000006:entity:manifest:Inventory_Transactions:none:none,manufacturing_graph_node/work_order:entity:structural:system:none:none,manifest,binds_table,Inventory_Transactions,INV_BIN_INV_WOR_003,,,,,,,,
502,ledger_eventtrace_20260719_000003:gl_events:manifest:General_Ledger:binds_table:GEN_BIN_LED_GLE_001,manufacturing_graph_edge/ledger_eventtrace_20260719_000003:gl_events:manifest:General_Ledger:binds_table:GEN_BIN_LED_GLE_001,manufacturing_graph_node/ledger_eventtrace_20260719_000003:entity:manifest:General_Ledger:none:none,manufacturing_graph_node/gl_events:entity:structural:system:none:none,manifest,binds_table,General_Ledger,GEN_BIN_LED_GLE_001,,,,,,,,
503,ledger_fgproduced_20260719_000005:gl_finished_goods_inventory:manifest:General_Ledger:binds_table:GEN_BIN_LED_GLF_001,manufacturing_graph_edge/ledger_fgproduced_20260719_000005:gl_finished_goods_inventory:manifest:General_Ledger:binds_table:GEN_BIN_LED_GLF_001,manufacturing_graph_node/ledger_fgproduced_20260719_000005:entity:manifest:General_Ledger:none:none,manufacturing_graph_node/gl_finished_goods_inventory:entity:structural:system:none:none,manifest,binds_table,General_Ledger,GEN_BIN_LED_GLF_001,,,,,,,,
504,ledger_inventorybalance_20260719_000001:gl_finished_goods_inventory:manifest:General_Ledger:binds_table:GEN_BIN_LED_GLF_002,manufacturing_graph_edge/ledger_inventorybalance_20260719_000001:gl_finished_goods_inventory:manifest:General_Ledger:binds_table:GEN_BIN_LED_GLF_002,manufacturing_graph_node/ledger_inventorybalance_20260719_000001:entity:manifest:General_Ledger:none:none,manufacturing_graph_node/gl_finished_goods_inventory:entity:structural:system:none:none,manifest,binds_table,General_Ledger,GEN_BIN_LED_GLF_002,,,,,,,,
505,ledger_inventorybalance_20260719_000001:gl_raw_materials_inventory:manifest:General_Ledger:binds_table:GEN_BIN_LED_GLR_001,manufacturing_graph_edge/ledger_inventorybalance_20260719_000001:gl_raw_materials_inventory:manifest:General_Ledger:binds_table:GEN_BIN_LED_GLR_001,manufacturing_graph_node/ledger_inventorybalance_20260719_000001:entity:manifest:General_Ledger:none:none,manufacturing_graph_node/gl_raw_materials_inventory:entity:structural:system:none:none,manifest,binds_table,General_Ledger,GEN_BIN_LED_GLR_001,,,,,,,,
506,ledger_inventorybalance_20260719_000001:gl_wip_inventory:manifest:General_Ledger:binds_table:GEN_BIN_LED_GLW_001,manufacturing_graph_edge/ledger_inventorybalance_20260719_000001:gl_wip_inventory:manifest:General_Ledger:binds_table:GEN_BIN_LED_GLW_001,manufacturing_graph_node/ledger_inventorybalance_20260719_000001:entity:manifest:General_Ledger:none:none,manufacturing_graph_node/gl_wip_inventory:entity:structural:system:none:none,manifest,binds_table,General_Ledger,GEN_BIN_LED_GLW_001,,,,,,,,
507,ledger_jobcostsummary_20260719_000002:gl_job_cost_detail:manifest:General_Ledger:binds_table:GEN_BIN_LED_GLJ_001,manufacturing_graph_edge/ledger_jobcostsummary_20260719_000002:gl_job_cost_detail:manifest:General_Ledger:binds_table:GEN_BIN_LED_GLJ_001,manufacturing_graph_node/ledger_jobcostsummary_20260719_000002:entity:manifest:General_Ledger:none:none,manufacturing_graph_node/gl_job_cost_detail:entity:structural:system:none:none,manifest,binds_table,General_Ledger,GEN_BIN_LED_GLJ_001,,,,,,,,
508,ledger_materialissued_20260719_000004:gl_raw_materials_inventory:manifest:General_Ledger:binds_table:GEN_BIN_LED_GLR_002,manufacturing_graph_edge/ledger_materialissued_20260719_000004:gl_raw_materials_inventory:manifest:General_Ledger:binds_table:GEN_BIN_LED_GLR_002,manufacturing_graph_node/ledger_materialissued_20260719_000004:entity:manifest:General_Ledger:none:none,manufacturing_graph_node/gl_raw_materials_inventory:entity:structural:system:none:none,manifest,binds_table,General_Ledger,GEN_BIN_LED_GLR_002,,,,,,,,
509,operations_deliveryperformanceops_20260604_000013:purchase_order:manifest:Operations:binds_table:OPE_BIN_OPE_PUR_001,manufacturing_graph_edge/operations_deliveryperformanceops_20260604_000013:purchase_order:manifest:Operations:binds_table:OPE_BIN_OPE_PUR_001,manufacturing_graph_node/operations_deliveryperformanceops_20260604_000013:entity:manifest:Operations:none:none,manufacturing_graph_node/purchase_order:entity:structural:system:none:none,manifest,binds_table,Operations,OPE_BIN_OPE_PUR_001,,,,,,,,
510,operations_deliveryperformanceops_20260604_000013:receiving:manifest:Operations:binds_table:OPE_BIN_OPE_REC_001,manufacturing_graph_edge/operations_deliveryperformanceops_20260604_000013:receiving:manifest:Operations:binds_table:OPE_BIN_OPE_REC_001,manufacturing_graph_node/operations_deliveryperformanceops_20260604_000013:entity:manifest:Operations:none:none,manufacturing_graph_node/receiving:entity:structural:system:none:none,manifest,binds_table,Operations,OPE_BIN_OPE_REC_001,,,,,,,,
511,operations_deliveryperformanceops_20260604_000013:suppliers:manifest:Operations:binds_table:OPE_BIN_OPE_SUP_001,manufacturing_graph_edge/operations_deliveryperformanceops_20260604_000013:suppliers:manifest:Operations:binds_table:OPE_BIN_OPE_SUP_001,manufacturing_graph_node/operations_deliveryperformanceops_20260604_000013:entity:manifest:Operations:none:none,manufacturing_graph_node/suppliers:entity:structural:system:none:none,manifest,binds_table,Operations,OPE_BIN_OPE_SUP_001,,,,,,,,
512,operations_equipmentstatecompliance_20260604_000010:certification:manifest:Quality:binds_table:QUA_BIN_OPE_CER_001,manufacturing_graph_edge/operations_equipmentstatecompliance_20260604_000010:certification:manifest:Quality:binds_table:QUA_BIN_OPE_CER_001,manufacturing_graph_node/operations_equipmentstatecompliance_20260604_000010:entity:manifest:Quality:none:none,manufacturing_graph_node/certification:entity:structural:system:none:none,manifest,binds_table,Quality,QUA_BIN_OPE_CER_001,,,,,,,,
513,operations_equipmentstatecompliance_20260604_000010:operation:manifest:Quality:binds_table:QUA_BIN_OPE_OPE_001,manufacturing_graph_edge/operations_equipmentstatecompliance_20260604_000010:operation:manifest:Quality:binds_table:QUA_BIN_OPE_OPE_001,manufacturing_graph_node/operations_equipmentstatecompliance_20260604_000010:entity:manifest:Quality:none:none,manufacturing_graph_node/operation:entity:structural:system:none:none,manifest,binds_table,Quality,QUA_BIN_OPE_OPE_001,,,,,,,,
514,operations_equipmentstatecompliance_20260604_000010:receiving:manifest:Quality:binds_table:QUA_BIN_OPE_REC_001,manufacturing_graph_edge/operations_equipmentstatecompliance_20260604_000010:receiving:manifest:Quality:binds_table:QUA_BIN_OPE_REC_001,manufacturing_graph_node/operations_equipmentstatecompliance_20260604_000010:entity:manifest:Quality:none:none,manufacturing_graph_node/receiving:entity:structural:system:none:none,manifest,binds_table,Quality,QUA_BIN_OPE_REC_001,,,,,,,,
515,operations_equipmentstatecompliance_20260604_000010:shop_resource:manifest:Quality:binds_table:QUA_BIN_OPE_SHO_001,manufacturing_graph_edge/operations_equipmentstatecompliance_20260604_000010:shop_resource:manifest:Quality:binds_table:QUA_BIN_OPE_SHO_001,manufacturing_graph_node/operations_equipmentstatecompliance_20260604_000010:entity:manifest:Quality:none:none,manufacturing_graph_node/shop_resource:entity:structural:system:none:none,manifest,binds_table,Quality,QUA_BIN_OPE_SHO_001,,,,,,,,
516,operations_equipmentstatecompliance_20260604_000010:work_order:manifest:Quality:binds_table:QUA_BIN_OPE_WOR_001,manufacturing_graph_edge/operations_equipmentstatecompliance_20260604_000010:work_order:manifest:Quality:binds_table:QUA_BIN_OPE_WOR_001,manufacturing_graph_node/operations_equipmentstatecompliance_20260604_000010:entity:manifest:Quality:none:none,manufacturing_graph_node/work_order:entity:structural:system:none:none,manifest,binds_table,Quality,QUA_BIN_OPE_WOR_001,,,,,,,,
517,operations_equipmentstatemaintenance_20260604_000009:operation:manifest:Operations:binds_table:OPE_BIN_OPE_OPE_001,manufacturing_graph_edge/operations_equipmentstatemaintenance_20260604_000009:operation:manifest:Operations:binds_table:OPE_BIN_OPE_OPE_001,manufacturing_graph_node/operations_equipmentstatemaintenance_20260604_000009:entity:manifest:Operations:none:none,manufacturing_graph_node/operation:entity:structural:system:none:none,manifest,binds_table,Operations,OPE_BIN_OPE_OPE_001,,,,,,,,
518,operations_equipmentstatemaintenance_20260604_000009:shop_resource:manifest:Operations:binds_table:OPE_BIN_OPE_SHO_001,manufacturing_graph_edge/operations_equipmentstatemaintenance_20260604_000009:shop_resource:manifest:Operations:binds_table:OPE_BIN_OPE_SHO_001,manufacturing_graph_node/operations_equipmentstatemaintenance_20260604_000009:entity:manifest:Operations:none:none,manufacturing_graph_node/shop_resource:entity:structural:system:none:none,manifest,binds_table,Operations,OPE_BIN_OPE_SHO_001,,,,,,,,
519,operations_equipmentstateproduction_20260604_000011:operation:manifest:Manufacturing:binds_table:MAN_BIN_OPE_OPE_001,manufacturing_graph_edge/operations_equipmentstateproduction_20260604_000011:operation:manifest:Manufacturing:binds_table:MAN_BIN_OPE_OPE_001,manufacturing_graph_node/operations_equipmentstateproduction_20260604_000011:entity:manifest:Manufacturing:none:none,manufacturing_graph_node/operation:entity:structural:system:none:none,manifest,binds_table,Manufacturing,MAN_BIN_OPE_OPE_001,,,,,,,,
520,operations_equipmentstateproduction_20260604_000011:shop_resource:manifest:Manufacturing:binds_table:MAN_BIN_OPE_SHO_001,manufacturing_graph_edge/operations_equipmentstateproduction_20260604_000011:shop_resource:manifest:Manufacturing:binds_table:MAN_BIN_OPE_SHO_001,manufacturing_graph_node/operations_equipmentstateproduction_20260604_000011:entity:manifest:Manufacturing:none:none,manufacturing_graph_node/shop_resource:entity:structural:system:none:none,manifest,binds_table,Manufacturing,MAN_BIN_OPE_SHO_001,,,,,,,,
521,operations_equipmentstateproduction_20260604_000011:work_order:manifest:Manufacturing:binds_table:MAN_BIN_OPE_WOR_001,manufacturing_graph_edge/operations_equipmentstateproduction_20260604_000011:work_order:manifest:Manufacturing:binds_table:MAN_BIN_OPE_WOR_001,manufacturing_graph_node/operations_equipmentstateproduction_20260604_000011:entity:manifest:Manufacturing:none:none,manufacturing_graph_node/work_order:entity:structural:system:none:none,manifest,binds_table,Manufacturing,MAN_BIN_OPE_WOR_001,,,,,,,,
522,operations_oeeoperational_20260604_000007:operation:manifest:Operations:binds_table:OPE_BIN_OPE_OPE_002,manufacturing_graph_edge/operations_oeeoperational_20260604_000007:operation:manifest:Operations:binds_table:OPE_BIN_OPE_OPE_002,manufacturing_graph_node/operations_oeeoperational_20260604_000007:entity:manifest:Operations:none:none,manufacturing_graph_node/operation:entity:structural:system:none:none,manifest,binds_table,Operations,OPE_BIN_OPE_OPE_002,,,,,,,,
523,operations_oeeoperational_20260604_000007:shop_resource:manifest:Operations:binds_table:OPE_BIN_OPE_SHO_002,manufacturing_graph_edge/operations_oeeoperational_20260604_000007:shop_resource:manifest:Operations:binds_table:OPE_BIN_OPE_SHO_002,manufacturing_graph_node/operations_oeeoperational_20260604_000007:entity:manifest:Operations:none:none,manufacturing_graph_node/shop_resource:entity:structural:system:none:none,manifest,binds_table,Operations,OPE_BIN_OPE_SHO_002,,,,,,,,
524,operations_oeestrategic_20260604_000008:operation:manifest:Operations:binds_table:OPE_BIN_OPE_OPE_003,manufacturing_graph_edge/operations_oeestrategic_20260604_000008:operation:manifest:Operations:binds_table:OPE_BIN_OPE_OPE_003,manufacturing_graph_node/operations_oeestrategic_20260604_000008:entity:manifest:Operations:none:none,manufacturing_graph_node/operation:entity:structural:system:none:none,manifest,binds_table,Operations,OPE_BIN_OPE_OPE_003,,,,,,,,
525,operations_oeestrategic_20260604_000008:shop_resource:manifest:Operations:binds_table:OPE_BIN_OPE_SHO_003,manufacturing_graph_edge/operations_oeestrategic_20260604_000008:shop_resource:manifest:Operations:binds_table:OPE_BIN_OPE_SHO_003,manufacturing_graph_node/operations_oeestrategic_20260604_000008:entity:manifest:Operations:none:none,manufacturing_graph_node/shop_resource:entity:structural:system:none:none,manifest,binds_table,Operations,OPE_BIN_OPE_SHO_003,,,,,,,,
526,operations_workordercostdetail_20260601_000004:work_order:manifest:General_Ledger:binds_table:GEN_BIN_OPE_WOR_001,manufacturing_graph_edge/operations_workordercostdetail_20260601_000004:work_order:manifest:General_Ledger:binds_table:GEN_BIN_OPE_WOR_001,manufacturing_graph_node/operations_workordercostdetail_20260601_000004:entity:manifest:General_Ledger:none:none,manufacturing_graph_node/work_order:entity:structural:system:none:none,manifest,binds_table,General_Ledger,GEN_BIN_OPE_WOR_001,,,,,,,,
527,operations_workorderstatus_20260601_000003:work_order:manifest:Manufacturing:binds_table:MAN_BIN_OPE_WOR_002,manufacturing_graph_edge/operations_workorderstatus_20260601_000003:work_order:manifest:Manufacturing:binds_table:MAN_BIN_OPE_WOR_002,manufacturing_graph_node/operations_workorderstatus_20260601_000003:entity:manifest:Manufacturing:none:none,manufacturing_graph_node/work_order:entity:structural:system:none:none,manifest,binds_table,Manufacturing,MAN_BIN_OPE_WOR_002,,,,,,,,
528,payables_openpobysupp_20260601_000006:purchase_order:manifest:Payables:binds_table:PAY_BIN_PAY_PUR_001,manufacturing_graph_edge/payables_openpobysupp_20260601_000006:purchase_order:manifest:Payables:binds_table:PAY_BIN_PAY_PUR_001,manufacturing_graph_node/payables_openpobysupp_20260601_000006:entity:manifest:Payables:none:none,manufacturing_graph_node/purchase_order:entity:structural:system:none:none,manifest,binds_table,Payables,PAY_BIN_PAY_PUR_001,,,,,,,,
529,payables_openpobysupp_20260601_000006:suppliers:manifest:Payables:binds_table:PAY_BIN_PAY_SUP_001,manufacturing_graph_edge/payables_openpobysupp_20260601_000006:suppliers:manifest:Payables:binds_table:PAY_BIN_PAY_SUP_001,manufacturing_graph_node/payables_openpobysupp_20260601_000006:entity:manifest:Payables:none:none,manufacturing_graph_node/suppliers:entity:structural:system:none:none,manifest,binds_table,Payables,PAY_BIN_PAY_SUP_001,,,,,,,,
530,payables_ordersreceived_20260706_000001:po_line:manifest:Payables:binds_table:PAY_BIN_PAY_POL_001,manufacturing_graph_edge/payables_ordersreceived_20260706_000001:po_line:manifest:Payables:binds_table:PAY_BIN_PAY_POL_001,manufacturing_graph_node/payables_ordersreceived_20260706_000001:entity:manifest:Payables:none:none,manufacturing_graph_node/po_line:entity:structural:system:none:none,manifest,binds_table,Payables,PAY_BIN_PAY_POL_001,,,,,,,,
531,payables_ordersreceived_20260706_000001:purchase_order:manifest:Payables:binds_table:PAY_BIN_PAY_PUR_002,manufacturing_graph_edge/payables_ordersreceived_20260706_000001:purchase_order:manifest:Payables:binds_table:PAY_BIN_PAY_PUR_002,manufacturing_graph_node/payables_ordersreceived_20260706_000001:entity:manifest:Payables:none:none,manufacturing_graph_node/purchase_order:entity:structural:system:none:none,manifest,binds_table,Payables,PAY_BIN_PAY_PUR_002,,,,,,,,
532,payables_ordersreceived_20260706_000001:receiving:manifest:Payables:binds_table:PAY_BIN_PAY_REC_001,manufacturing_graph_edge/payables_ordersreceived_20260706_000001:receiving:manifest:Payables:binds_table:PAY_BIN_PAY_REC_001,manufacturing_graph_node/payables_ordersreceived_20260706_000001:entity:manifest:Payables:none:none,manufacturing_graph_node/receiving:entity:structural:system:none:none,manifest,binds_table,Payables,PAY_BIN_PAY_REC_001,,,,,,,,
533,payables_ordersreceived_20260706_000001:receiving_line:manifest:Payables:binds_table:PAY_BIN_PAY_REC_002,manufacturing_graph_edge/payables_ordersreceived_20260706_000001:receiving_line:manifest:Payables:binds_table:PAY_BIN_PAY_REC_002,manufacturing_graph_node/payables_ordersreceived_20260706_000001:entity:manifest:Payables:none:none,manufacturing_graph_node/receiving_line:entity:structural:system:none:none,manifest,binds_table,Payables,PAY_BIN_PAY_REC_002,,,,,,,,
534,payables_ordersunreceived_20260706_000002:po_line:manifest:Payables:binds_table:PAY_BIN_PAY_POL_002,manufacturing_graph_edge/payables_ordersunreceived_20260706_000002:po_line:manifest:Payables:binds_table:PAY_BIN_PAY_POL_002,manufacturing_graph_node/payables_ordersunreceived_20260706_000002:entity:manifest:Payables:none:none,manufacturing_graph_node/po_line:entity:structural:system:none:none,manifest,binds_table,Payables,PAY_BIN_PAY_POL_002,,,,,,,,
535,payables_ordersunreceived_20260706_000002:purchase_order:manifest:Payables:binds_table:PAY_BIN_PAY_PUR_003,manufacturing_graph_edge/payables_ordersunreceived_20260706_000002:purchase_order:manifest:Payables:binds_table:PAY_BIN_PAY_PUR_003,manufacturing_graph_node/payables_ordersunreceived_20260706_000002:entity:manifest:Payables:none:none,manufacturing_graph_node/purchase_order:entity:structural:system:none:none,manifest,binds_table,Payables,PAY_BIN_PAY_PUR_003,,,,,,,,
536,payables_ordersunreceived_20260706_000002:receiving_line:manifest:Payables:binds_table:PAY_BIN_PAY_REC_003,manufacturing_graph_edge/payables_ordersunreceived_20260706_000002:receiving_line:manifest:Payables:binds_table:PAY_BIN_PAY_REC_003,manufacturing_graph_node/payables_ordersunreceived_20260706_000002:entity:manifest:Payables:none:none,manufacturing_graph_node/receiving_line:entity:structural:system:none:none,manifest,binds_table,Payables,PAY_BIN_PAY_REC_003,,,,,,,,
537,payables_partialreceiptaccrual_20260708_000004:payable_line:manifest:Payables:binds_table:PAY_BIN_PAY_PAY_001,manufacturing_graph_edge/payables_partialreceiptaccrual_20260708_000004:payable_line:manifest:Payables:binds_table:PAY_BIN_PAY_PAY_001,manufacturing_graph_node/payables_partialreceiptaccrual_20260708_000004:entity:manifest:Payables:none:none,manufacturing_graph_node/payable_line:entity:structural:system:none:none,manifest,binds_table,Payables,PAY_BIN_PAY_PAY_001,,,,,,,,
538,payables_partialreceiptaccrual_20260708_000004:payables:manifest:Payables:binds_table:PAY_BIN_PAY_PAY_002,manufacturing_graph_edge/payables_partialreceiptaccrual_20260708_000004:payables:manifest:Payables:binds_table:PAY_BIN_PAY_PAY_002,manufacturing_graph_node/payables_partialreceiptaccrual_20260708_000004:entity:manifest:Payables:none:none,manufacturing_graph_node/payables:entity:structural:system:none:none,manifest,binds_table,Payables,PAY_BIN_PAY_PAY_002,,,,,,,,
539,payables_partialreceiptaccrual_20260708_000004:po_line:manifest:Payables:binds_table:PAY_BIN_PAY_POL_003,manufacturing_graph_edge/payables_partialreceiptaccrual_20260708_000004:po_line:manifest:Payables:binds_table:PAY_BIN_PAY_POL_003,manufacturing_graph_node/payables_partialreceiptaccrual_20260708_000004:entity:manifest:Payables:none:none,manufacturing_graph_node/po_line:entity:structural:system:none:none,manifest,binds_table,Payables,PAY_BIN_PAY_POL_003,,,,,,,,
540,payables_partialreceiptaccrual_20260708_000004:purchase_order:manifest:Payables:binds_table:PAY_BIN_PAY_PUR_004,manufacturing_graph_edge/payables_partialreceiptaccrual_20260708_000004:purchase_order:manifest:Payables:binds_table:PAY_BIN_PAY_PUR_004,manufacturing_graph_node/payables_partialreceiptaccrual_20260708_000004:entity:manifest:Payables:none:none,manufacturing_graph_node/purchase_order:entity:structural:system:none:none,manifest,binds_table,Payables,PAY_BIN_PAY_PUR_004,,,,,,,,
541,payables_partialreceiptaccrual_20260708_000004:receiving:manifest:Payables:binds_table:PAY_BIN_PAY_REC_004,manufacturing_graph_edge/payables_partialreceiptaccrual_20260708_000004:receiving:manifest:Payables:binds_table:PAY_BIN_PAY_REC_004,manufacturing_graph_node/payables_partialreceiptaccrual_20260708_000004:entity:manifest:Payables:none:none,manufacturing_graph_node/receiving:entity:structural:system:none:none,manifest,binds_table,Payables,PAY_BIN_PAY_REC_004,,,,,,,,
542,payables_partialreceiptaccrual_20260708_000004:receiving_line:manifest:Payables:binds_table:PAY_BIN_PAY_REC_005,manufacturing_graph_edge/payables_partialreceiptaccrual_20260708_000004:receiving_line:manifest:Payables:binds_table:PAY_BIN_PAY_REC_005,manufacturing_graph_node/payables_partialreceiptaccrual_20260708_000004:entity:manifest:Payables:none:none,manufacturing_graph_node/receiving_line:entity:structural:system:none:none,manifest,binds_table,Payables,PAY_BIN_PAY_REC_005,,,,,,,,
543,payables_partialreceiptaccrual_20260708_000004:suppliers:manifest:Payables:binds_table:PAY_BIN_PAY_SUP_002,manufacturing_graph_edge/payables_partialreceiptaccrual_20260708_000004:suppliers:manifest:Payables:binds_table:PAY_BIN_PAY_SUP_002,manufacturing_graph_node/payables_partialreceiptaccrual_20260708_000004:entity:manifest:Payables:none:none,manufacturing_graph_node/suppliers:entity:structural:system:none:none,manifest,binds_table,Payables,PAY_BIN_PAY_SUP_002,,,,,,,,
544,payables_purchaseorderstatus_20260601_000005:purchase_order:manifest:Payables:binds_table:PAY_BIN_PAY_PUR_005,manufacturing_graph_edge/payables_purchaseorderstatus_20260601_000005:purchase_order:manifest:Payables:binds_table:PAY_BIN_PAY_PUR_005,manufacturing_graph_node/payables_purchaseorderstatus_20260601_000005:entity:manifest:Payables:none:none,manufacturing_graph_node/purchase_order:entity:structural:system:none:none,manifest,binds_table,Payables,PAY_BIN_PAY_PUR_005,,,,,,,,
545,payables_purchaseorderstatus_20260601_000005:suppliers:manifest:Payables:binds_table:PAY_BIN_PAY_SUP_003,manufacturing_graph_edge/payables_purchaseorderstatus_20260601_000005:suppliers:manifest:Payables:binds_table:PAY_BIN_PAY_SUP_003,manufacturing_graph_node/payables_purchaseorderstatus_20260601_000005:entity:manifest:Payables:none:none,manufacturing_graph_node/suppliers:entity:structural:system:none:none,manifest,binds_table,Payables,PAY_BIN_PAY_SUP_003,,,,,,,,
546,payables_threewaymatchcoverage_20260708_000005:payable_line:manifest:Payables:binds_table:PAY_BIN_PAY_PAY_003,manufacturing_graph_edge/payables_threewaymatchcoverage_20260708_000005:payable_line:manifest:Payables:binds_table:PAY_BIN_PAY_PAY_003,manufacturing_graph_node/payables_threewaymatchcoverage_20260708_000005:entity:manifest:Payables:none:none,manufacturing_graph_node/payable_line:entity:structural:system:none:none,manifest,binds_table,Payables,PAY_BIN_PAY_PAY_003,,,,,,,,
547,payables_threewaymatchcoverage_20260708_000005:payables:manifest:Payables:binds_table:PAY_BIN_PAY_PAY_004,manufacturing_graph_edge/payables_threewaymatchcoverage_20260708_000005:payables:manifest:Payables:binds_table:PAY_BIN_PAY_PAY_004,manufacturing_graph_node/payables_threewaymatchcoverage_20260708_000005:entity:manifest:Payables:none:none,manufacturing_graph_node/payables:entity:structural:system:none:none,manifest,binds_table,Payables,PAY_BIN_PAY_PAY_004,,,,,,,,
548,payables_threewaymatchcoverage_20260708_000005:po_line:manifest:Payables:binds_table:PAY_BIN_PAY_POL_004,manufacturing_graph_edge/payables_threewaymatchcoverage_20260708_000005:po_line:manifest:Payables:binds_table:PAY_BIN_PAY_POL_004,manufacturing_graph_node/payables_threewaymatchcoverage_20260708_000005:entity:manifest:Payables:none:none,manufacturing_graph_node/po_line:entity:structural:system:none:none,manifest,binds_table,Payables,PAY_BIN_PAY_POL_004,,,,,,,,
549,payables_threewaymatchcoverage_20260708_000005:purchase_order:manifest:Payables:binds_table:PAY_BIN_PAY_PUR_006,manufacturing_graph_edge/payables_threewaymatchcoverage_20260708_000005:purchase_order:manifest:Payables:binds_table:PAY_BIN_PAY_PUR_006,manufacturing_graph_node/payables_threewaymatchcoverage_20260708_000005:entity:manifest:Payables:none:none,manufacturing_graph_node/purchase_order:entity:structural:system:none:none,manifest,binds_table,Payables,PAY_BIN_PAY_PUR_006,,,,,,,,
550,payables_threewaymatchcoverage_20260708_000005:receiving:manifest:Payables:binds_table:PAY_BIN_PAY_REC_006,manufacturing_graph_edge/payables_threewaymatchcoverage_20260708_000005:receiving:manifest:Payables:binds_table:PAY_BIN_PAY_REC_006,manufacturing_graph_node/payables_threewaymatchcoverage_20260708_000005:entity:manifest:Payables:none:none,manufacturing_graph_node/receiving:entity:structural:system:none:none,manifest,binds_table,Payables,PAY_BIN_PAY_REC_006,,,,,,,,
551,payables_threewaymatchcoverage_20260708_000005:receiving_line:manifest:Payables:binds_table:PAY_BIN_PAY_REC_007,manufacturing_graph_edge/payables_threewaymatchcoverage_20260708_000005:receiving_line:manifest:Payables:binds_table:PAY_BIN_PAY_REC_007,manufacturing_graph_node/payables_threewaymatchcoverage_20260708_000005:entity:manifest:Payables:none:none,manufacturing_graph_node/receiving_line:entity:structural:system:none:none,manifest,binds_table,Payables,PAY_BIN_PAY_REC_007,,,,,,,,
552,payables_threewaymatchcoverage_20260708_000005:suppliers:manifest:Payables:binds_table:PAY_BIN_PAY_SUP_004,manufacturing_graph_edge/payables_threewaymatchcoverage_20260708_000005:suppliers:manifest:Payables:binds_table:PAY_BIN_PAY_SUP_004,manufacturing_graph_node/payables_threewaymatchcoverage_20260708_000005:entity:manifest:Payables:none:none,manufacturing_graph_node/suppliers:entity:structural:system:none:none,manifest,binds_table,Payables,PAY_BIN_PAY_SUP_004,,,,,,,,
553,payables_uninvoicedreceipts_20260706_000003:payable_line:manifest:Payables:binds_table:PAY_BIN_PAY_PAY_005,manufacturing_graph_edge/payables_uninvoicedreceipts_20260706_000003:payable_line:manifest:Payables:binds_table:PAY_BIN_PAY_PAY_005,manufacturing_graph_node/payables_uninvoicedreceipts_20260706_000003:entity:manifest:Payables:none:none,manufacturing_graph_node/payable_line:entity:structural:system:none:none,manifest,binds_table,Payables,PAY_BIN_PAY_PAY_005,,,,,,,,
554,payables_uninvoicedreceipts_20260706_000003:payables:manifest:Payables:binds_table:PAY_BIN_PAY_PAY_006,manufacturing_graph_edge/payables_uninvoicedreceipts_20260706_000003:payables:manifest:Payables:binds_table:PAY_BIN_PAY_PAY_006,manufacturing_graph_node/payables_uninvoicedreceipts_20260706_000003:entity:manifest:Payables:none:none,manufacturing_graph_node/payables:entity:structural:system:none:none,manifest,binds_table,Payables,PAY_BIN_PAY_PAY_006,,,,,,,,
555,payables_uninvoicedreceipts_20260706_000003:purchase_order:manifest:Payables:binds_table:PAY_BIN_PAY_PUR_007,manufacturing_graph_edge/payables_uninvoicedreceipts_20260706_000003:purchase_order:manifest:Payables:binds_table:PAY_BIN_PAY_PUR_007,manufacturing_graph_node/payables_uninvoicedreceipts_20260706_000003:entity:manifest:Payables:none:none,manufacturing_graph_node/purchase_order:entity:structural:system:none:none,manifest,binds_table,Payables,PAY_BIN_PAY_PUR_007,,,,,,,,
556,payables_uninvoicedreceipts_20260706_000003:receiving:manifest:Payables:binds_table:PAY_BIN_PAY_REC_008,manufacturing_graph_edge/payables_uninvoicedreceipts_20260706_000003:receiving:manifest:Payables:binds_table:PAY_BIN_PAY_REC_008,manufacturing_graph_node/payables_uninvoicedreceipts_20260706_000003:entity:manifest:Payables:none:none,manufacturing_graph_node/receiving:entity:structural:system:none:none,manifest,binds_table,Payables,PAY_BIN_PAY_REC_008,,,,,,,,
557,payables_uninvoicedreceipts_20260706_000003:receiving_line:manifest:Payables:binds_table:PAY_BIN_PAY_REC_009,manufacturing_graph_edge/payables_uninvoicedreceipts_20260706_000003:receiving_line:manifest:Payables:binds_table:PAY_BIN_PAY_REC_009,manufacturing_graph_node/payables_uninvoicedreceipts_20260706_000003:entity:manifest:Payables:none:none,manufacturing_graph_node/receiving_line:entity:structural:system:none:none,manifest,binds_table,Payables,PAY_BIN_PAY_REC_009,,,,,,,,
558,payables_uninvoicedreceipts_20260706_000003:suppliers:manifest:Payables:binds_table:PAY_BIN_PAY_SUP_005,manufacturing_graph_edge/payables_uninvoicedreceipts_20260706_000003:suppliers:manifest:Payables:binds_table:PAY_BIN_PAY_SUP_005,manufacturing_graph_node/payables_uninvoicedreceipts_20260706_000003:entity:manifest:Payables:none:none,manufacturing_graph_node/suppliers:entity:structural:system:none:none,manifest,binds_table,Payables,PAY_BIN_PAY_SUP_005,,,,,,,,
559,receivables_araging_20260724_000001:receivable:manifest:Receivables:binds_table:REC_BIN_REC_REC_001,manufacturing_graph_edge/receivables_araging_20260724_000001:receivable:manifest:Receivables:binds_table:REC_BIN_REC_REC_001,manufacturing_graph_node/receivables_araging_20260724_000001:entity:manifest:Receivables:none:none,manufacturing_graph_node/receivable:entity:structural:system:none:none,manifest,binds_table,Receivables,REC_BIN_REC_REC_001,,,,,,,,
560,receivables_cashreceipts_20260724_000002:receivable:manifest:Receivables:binds_table:REC_BIN_REC_REC_002,manufacturing_graph_edge/receivables_cashreceipts_20260724_000002:receivable:manifest:Receivables:binds_table:REC_BIN_REC_REC_002,manufacturing_graph_node/receivables_cashreceipts_20260724_000002:entity:manifest:Receivables:none:none,manufacturing_graph_node/receivable:entity:structural:system:none:none,manifest,binds_table,Receivables,REC_BIN_REC_REC_002,,,,,,,,
561,receivables_cashreceipts_20260724_000002:receivable_payment:manifest:Receivables:binds_table:REC_BIN_REC_REC_003,manufacturing_graph_edge/receivables_cashreceipts_20260724_000002:receivable_payment:manifest:Receivables:binds_table:REC_BIN_REC_REC_003,manufacturing_graph_node/receivables_cashreceipts_20260724_000002:entity:manifest:Receivables:none:none,manufacturing_graph_node/receivable_payment:entity:structural:system:none:none,manifest,binds_table,Receivables,REC_BIN_REC_REC_003,,,,,,,,
562,sales_ordercustomerstate_20260604_000012:work_order:manifest:Customer:binds_table:CUS_BIN_SAL_WOR_001,manufacturing_graph_edge/sales_ordercustomerstate_20260604_000012:work_order:manifest:Customer:binds_table:CUS_BIN_SAL_WOR_001,manufacturing_graph_node/sales_ordercustomerstate_20260604_000012:entity:manifest:Customer:none:none,manufacturing_graph_node/work_order:entity:structural:system:none:none,manifest,binds_table,Customer,CUS_BIN_SAL_WOR_001,,,,,,,,
563,suppliers_outsideservicesuppliers_20260601_000002:suppliers:manifest:Work_Orders:binds_table:WOR_BIN_SUP_SUP_001,manufacturing_graph_edge/suppliers_outsideservicesuppliers_20260601_000002:suppliers:manifest:Work_Orders:binds_table:WOR_BIN_SUP_SUP_001,manufacturing_graph_node/suppliers_outsideservicesuppliers_20260601_000002:entity:manifest:Work_Orders:none:none,manufacturing_graph_node/suppliers:entity:structural:system:none:none,manifest,binds_table,Work_Orders,WOR_BIN_SUP_SUP_001,,,,,,,,
564,suppliers_supplierscorecard_20260601_000001:suppliers:manifest:Quality:binds_table:QUA_BIN_SUP_SUP_001,manufacturing_graph_edge/suppliers_supplierscorecard_20260601_000001:suppliers:manifest:Quality:binds_table:QUA_BIN_SUP_SUP_001,manufacturing_graph_node/suppliers_supplierscorecard_20260601_000001:entity:manifest:Quality:none:none,manufacturing_graph_node/suppliers:entity:structural:system:none:none,manifest,binds_table,Quality,QUA_BIN_SUP_SUP_001,,,,,,,,
